part_num,quantity,set_id,color,_name
10170,1,10255-1,Medium Dark Flesh,1x Pretzel
11062,2,10255-1,White,2x Lamp Post 2 x 2 x 7 with 4 Base Flutes
11090,8,10255-1,Yellow,8x Bar Holder with Clip
11090,4,10255-1,Black,4x Bar Holder with Clip
11153,2,10255-1,Light Bluish Gray,2x Slope Curved 4 x 1 No Studs [Stud Holder with Symmetric Ridges]
11203,1,10255-1,Black,1x Tile Special 2 x 2 Inverted
11211,73,10255-1,Tan,73x Brick Special 1 x 2 with Studs on 1 Side
11211,2,10255-1,Black,2x Brick Special 1 x 2 with Studs on 1 Side
11212,2,10255-1,Light Bluish Gray,2x Plate 3 x 3
11212,2,10255-1,Dark Bluish Gray,2x Plate 3 x 3
11213,3,10255-1,Light Bluish Gray,"3x Plate, Round 6 x 6 with Hole"
11214,2,10255-1,Dark Bluish Gray,2x Technic Axle Pin 3L with Friction Ridges Lengthwise and 1L Axle
11253,1,10255-1,Black,1x Minifig Roller Skate
11253,3,10255-1,Black,3x Minifig Roller Skate
11476,2,10255-1,Light Bluish Gray,2x Plate Special 1 x 2 with Clip Horizontal on Side
11476,1,10255-1,Black,1x Plate Special 1 x 2 with Clip Horizontal on Side
11477,6,10255-1,Olive Green,6x Slope Curved 2 x 1 No Studs [1/2 Bow]
11610,4,10255-1,Tan,4x Ice Cream Cone
11640,1,10255-1,Red,1x Minifig Guitar Electric [Plain]
12888pr0001,1,10255-1,Medium Dark Flesh,1x Dog - Chihuahua with Basic Face Print
13548,2,10255-1,Light Bluish Gray,2x Wedge 2 x 2 (Slope 45° Corner)
13790,1,10255-1,Dark Bluish Gray,1x Minifig Truncheon
13790,1,10255-1,Dark Bluish Gray,1x Minifig Truncheon
13793,2,10255-1,Dark Bluish Gray,2x Minifig Welding Gun
13808,1,10255-1,Pearl Gold,1x Minifig Saxophone
14395,4,10255-1,Black,"4x Brick Arch 1 x 5 x 4 [Continuous Bow, Raised Underside Cross Supports]"
14413,1,10255-1,Light Bluish Gray,1x Facet 4 x 4
14413,1,10255-1,Black,1x Facet 4 x 4
14716,7,10255-1,Light Bluish Gray,7x Brick 1 x 1 x 3
14716,3,10255-1,Black,3x Brick 1 x 1 x 3
14719,12,10255-1,Light Bluish Gray,12x Tile 2 x 2 Corner
14719,4,10255-1,Dark Blue,4x Tile 2 x 2 Corner
14769,4,10255-1,White,4x Tile Round 2 x 2 with Bottom Stud Holder
14769pr0001,1,10255-1,White,1x Tile Round 2 x 2 with Bottom Stud Holder with Clock Print
14769pr1054,1,10255-1,Reddish Brown,1x Tile 2 x 2 Round with Bottom Stud Holder with Roman Numerals Clock Print
15068,2,10255-1,White,2x Slope Curved 2 x 2 x 2/3
15068,1,10255-1,Red,1x Slope Curved 2 x 2 x 2/3
15070,8,10255-1,White,8x Plate Special 1 x 1 with Vertical Tooth
15070,8,10255-1,Yellow,8x Plate Special 1 x 1 with Vertical Tooth
15207,1,10255-1,Reddish Brown,1x Panel 1 x 4 x 1 with Rounded Corners [Thin Wall]
15208,1,10255-1,Tan,1x Plate Special 1 x 2 with Three Teeth [Tri-Tooth]
15254,2,10255-1,White,2x Brick Arch 1 x 6 x 2 - Thin Top without Reinforced Underside [New Version]
15279,1,10255-1,Bright Green,1x Grass Stem with Bar Hole [3.2mm]
15332,2,10255-1,Black,2x Fence Spindled 1 x 4 x 2 [4 Top Studs]
15332,1,10255-1,Reddish Brown,1x Fence Spindled 1 x 4 x 2 [4 Top Studs]
15395,1,10255-1,White,1x Brick Round 2 x 2 Dome Bottom [Open Stud]
15439,1,10255-1,Black,1x Minifig Moustache 
15439,1,10255-1,Black,1x Minifig Moustache 
15470,1,10255-1,Flat Silver,1x Plate Round 1 x 1 Swirled Top
15470,2,10255-1,Flat Silver,2x Plate Round 1 x 1 Swirled Top
15470,1,10255-1,White,1x Plate Round 1 x 1 Swirled Top
15470,3,10255-1,White,3x Plate Round 1 x 1 Swirled Top
15535,1,10255-1,Tan,1x Tile 2 x 2 Round with Hole
15573,1,10255-1,Red,1x Plate Special 1 x 2 with 1 Stud with Groove and Inside Stud Holder (Jumper)
15573,6,10255-1,Reddish Brown,6x Plate Special 1 x 2 with 1 Stud with Groove and Inside Stud Holder (Jumper)
15573,24,10255-1,Dark Tan,24x Plate Special 1 x 2 with 1 Stud with Groove and Inside Stud Holder (Jumper)
15573,4,10255-1,Dark Blue,4x Plate Special 1 x 2 with 1 Stud with Groove and Inside Stud Holder (Jumper)
15573,4,10255-1,Tan,4x Plate Special 1 x 2 with 1 Stud with Groove and Inside Stud Holder (Jumper)
15573,10,10255-1,Dark Bluish Gray,10x Plate Special 1 x 2 with 1 Stud with Groove and Inside Stud Holder (Jumper)
15573,4,10255-1,Dark Red,4x Plate Special 1 x 2 with 1 Stud with Groove and Inside Stud Holder (Jumper)
15573,1,10255-1,Black,1x Plate Special 1 x 2 with 1 Stud with Groove and Inside Stud Holder (Jumper)
15672,1,10255-1,Reddish Brown,1x Slope 45° 2 x 1 with 2/3 Cutout [New Version]
15672,4,10255-1,Light Bluish Gray,4x Slope 45° 2 x 1 with 2/3 Cutout [New Version]
15712,1,10255-1,White,1x Tile Special 1 x 1 with Clip with Rounded Edges
15712,32,10255-1,Black,32x Tile Special 1 x 1 with Clip with Rounded Edges
16091,4,10255-1,Light Bluish Gray,"4x Vehicle Steering Wheel Small, 2 x 2 [Reinforced]"
16770,2,10255-1,Bright Green,"2x Barb Large (Claw, Talon) with Clip"
18653,6,10255-1,Dark Blue,6x Brick 1x3x2 w. inside bow
18653,8,10255-1,White,8x Brick 1x3x2 w. inside bow
18674,2,10255-1,Reddish Brown,2x Tile 2 x 2 Round with Center Stud
18674,5,10255-1,White,5x Tile 2 x 2 Round with Center Stud
18674,1,10255-1,Dark Bluish Gray,1x Tile 2 x 2 Round with Center Stud
18674,1,10255-1,Red,1x Tile 2 x 2 Round with Center Stud
18838,1,10255-1,Reddish Brown,1x Brick Arch 1 x 12 x 3 Raised Arch with 5 Cross Supports
18943,2,10255-1,Black,2x Technic Digger Bucket 5 x 7 x 4 1/2 Clamshell with Pin Hole and Axle Hole
19119,1,10255-1,Dark Orange,1x Plant Flower Stem with Bar and 6 Stems
19119,1,10255-1,Green,1x Plant Flower Stem with Bar and 6 Stems
20193,1,10255-1,White,"1x Foam, Plastic Mirror Front and White Paper Backing"
20309,2,10255-1,Black,2x Window 1 x 4 x 1 2/3 with Spoked Rounded Top
20310,25,10255-1,White,25x Brick Special 1 x 1 with Scroll with Open Stud
20482,1,10255-1,Pearl Gold,1x Tile Round 1 x 1 with Pin
20482,2,10255-1,Black,2x Tile Round 1 x 1 with Pin
20482,4,10255-1,Pearl Gold,4x Tile Round 1 x 1 with Pin
20482,1,10255-1,Black,1x Tile Round 1 x 1 with Pin
21229,3,10255-1,Black,3x Fence Spindled 4 x 4 x 2 Quarter Round with 3 Studs
21268,1,10255-1,Reddish Brown,1x Minifig Hair Short Swept Back with Sideburns and Widow's Peak
21445,2,10255-1,Light Bluish Gray,2x Plate Special 1 x 2 with Wheel Holder
22385,1,10255-1,White,1x Tile Special 2 x 3 Pentagonal
22385,4,10255-1,Light Bluish Gray,4x Tile Special 2 x 3 Pentagonal
22484,2,10255-1,Trans-Bright Green,2x Bar 2L with Towball
22484,3,10255-1,Dark Bluish Gray,3x Bar 2L with Towball
22667,2,10255-1,Red,2x Cherries
22667,1,10255-1,Red,1x Cherries
22885,2,10255-1,Light Bluish Gray,2x Brick Special 1 x 2 x 1 2/3 with four studs on one side
23443,6,10255-1,Black,6x 3.2 SHAFT W/3.2 HOLE
23443,4,10255-1,Light Bluish Gray,4x 3.2 SHAFT W/3.2 HOLE
2357,4,10255-1,Dark Bluish Gray,4x Brick 2 x 2 Corner
2357,2,10255-1,White,2x Brick 2 x 2 Corner
2357,4,10255-1,Light Bluish Gray,4x Brick 2 x 2 Corner
2357,1,10255-1,Reddish Brown,1x Brick 2 x 2 Corner
2357,6,10255-1,Tan,6x Brick 2 x 2 Corner
24087,1,10255-1,White,1x MINI CLOTHING NO. 1
2412b,8,10255-1,Black,8x Tile Special 1 x 2 Grille with Bottom Groove
2412b,14,10255-1,White,14x Tile Special 1 x 2 Grille with Bottom Groove
2412b,3,10255-1,Light Bluish Gray,3x Tile Special 1 x 2 Grille with Bottom Groove
2412b,6,10255-1,Metallic Silver,6x Tile Special 1 x 2 Grille with Bottom Groove
2420,2,10255-1,White,2x Plate 2 x 2 Corner
2420,6,10255-1,Light Bluish Gray,6x Plate 2 x 2 Corner
2420,5,10255-1,Dark Bluish Gray,5x Plate 2 x 2 Corner
2420,10,10255-1,Reddish Brown,10x Plate 2 x 2 Corner
2420,12,10255-1,Black,12x Plate 2 x 2 Corner
2423,5,10255-1,Green,5x Leaves 4 x 3
24246,2,10255-1,White,2x Tile 1 x 1 Half Circle
24246,46,10255-1,Light Bluish Gray,46x Tile 1 x 1 Half Circle
24246,1,10255-1,Light Bluish Gray,1x Tile 1 x 1 Half Circle
24246,1,10255-1,White,1x Tile 1 x 1 Half Circle
2431,10,10255-1,White,10x Tile 1 x 4 with Groove
2431,2,10255-1,Black,2x Tile 1 x 4 with Groove
2431,16,10255-1,Light Bluish Gray,16x Tile 1 x 4 with Groove
2445,2,10255-1,White,2x Plate 2 x 12
2445,1,10255-1,Dark Bluish Gray,1x Plate 2 x 12
24482,1,10255-1,White,1x BLADE NO. 9
24482,1,10255-1,White,1x BLADE NO. 9
2450,2,10255-1,Light Bluish Gray,2x Wedge Plate 3 x 3 Cut Corner
2453b,2,10255-1,Tan,2x Brick 1 x 1 x 5 with Solid Stud
2453b,2,10255-1,Light Bluish Gray,2x Brick 1 x 1 x 5 with Solid Stud
2453b,4,10255-1,Black,4x Brick 1 x 1 x 5 with Solid Stud
2462,1,10255-1,Light Bluish Gray,1x Facet 3 x 3
25128,1,10255-1,White,1x MINI FIGUR BABY BODY
25269,2,10255-1,Black,2x 1/4 CIRCLE TILE 1X1
25269,4,10255-1,Light Bluish Gray,4x 1/4 CIRCLE TILE 1X1
25269,1,10255-1,Light Bluish Gray,1x 1/4 CIRCLE TILE 1X1
25269,1,10255-1,Tan,1x 1/4 CIRCLE TILE 1X1
25269,8,10255-1,Tan,8x 1/4 CIRCLE TILE 1X1
25269,4,10255-1,Black,4x 1/4 CIRCLE TILE 1X1
25269pr01,2,10255-1,Tan,2x 1/4 CIRCLE TILE 1X1 with Lattice Pie Print
25269pr01,1,10255-1,Tan,1x 1/4 CIRCLE TILE 1X1 with Lattice Pie Print
2540,12,10255-1,Black,12x Plate Special 1 x 2 Side Handle [Free Ends]
2546pat0002,1,10255-1,Yellow,1x Parrot Marbled Blue
2566,2,10255-1,Tan,2x Palm Tree Top
26047,4,10255-1,Black,4x Plate 1 x 1 Rounded with Handle
2639,4,10255-1,Dark Bluish Gray,4x Plate 4 x 4 Corner
2653,2,10255-1,Black,2x Brick Special 1 x 4 with Groove
2654,3,10255-1,Trans-Yellow,3x Plate Round 2 x 2 with Rounded Bottom [Boat Stud]
2654,4,10255-1,Trans-Clear,4x Plate Round 2 x 2 with Rounded Bottom [Boat Stud]
2654,1,10255-1,Black,1x Plate Round 2 x 2 with Rounded Bottom [Boat Stud]
26556,1,10255-1,Yellow,"1x Baby / Toddler Head with Black Eyes, White Pupils and Smile Print"
26603pr0001,1,10255-1,Bright Light Blue,1x Tile 2 x 3 with Cafe Corner Lego Set Box Pattern
26604,36,10255-1,Tan,36x Brick Special 1 x 1 with Studs on 2 Adjacent Sides
27186,1,10255-1,Dark Brown,"1x MINI WIG, NO. 122"
2723,2,10255-1,Black,2x Technic Disk 3 x 3
27263,4,10255-1,Dark Blue,"4x Tile, Modified 2 x 2 Corner with Cut Corner - Facet"
27263,7,10255-1,Light Bluish Gray,"7x Tile, Modified 2 x 2 Corner with Cut Corner - Facet"
27263,18,10255-1,Dark Bluish Gray,"18x Tile, Modified 2 x 2 Corner with Cut Corner - Facet"
27263,12,10255-1,White,"12x Tile, Modified 2 x 2 Corner with Cut Corner - Facet"
27507,4,10255-1,Light Bluish Gray,4x Tile 4 x 4 Macaroni
2780,3,10255-1,Black,3x Technic Pin with Friction Ridges Lengthwise and Center Slots
2780,2,10255-1,Black,2x Technic Pin with Friction Ridges Lengthwise and Center Slots
27925,6,10255-1,Light Bluish Gray,6x Tile 2 x 2 Macaroni
27989,1,10255-1,Medium Dark Flesh,1x Acoustic Guitar with Black Neck and Silver Strings Print
28192,2,10255-1,White,2x Slope 45° 2 x 1 with 2/3 Inverted Cutout and no stud
28192,2,10255-1,Dark Bluish Gray,2x Slope 45° 2 x 1 with 2/3 Inverted Cutout and no stud
28327,1,10255-1,Black,1x Door Frame 4 x 4 x 6 Corner
28327,1,10255-1,White,1x Door Frame 4 x 4 x 6 Corner
2877,2,10255-1,Black,2x Brick Special 1 x 2 with Grill
2877,50,10255-1,Sand Blue,50x Brick Special 1 x 2 with Grill
2921,8,10255-1,Light Bluish Gray,8x Brick Special 1 x 1 with Handle
298c02,2,10255-1,Black,2x Lever Small Base with Black Lever
298c02,2,10255-1,Light Bluish Gray,2x Lever Small Base with Black Lever
298c02,1,10255-1,Light Bluish Gray,1x Lever Small Base with Black Lever
298c02,3,10255-1,Black,3x Lever Small Base with Black Lever
3001,2,10255-1,Reddish Brown,2x Brick 2 x 4
3002,4,10255-1,Black,4x Brick 2 x 3
3003,1,10255-1,Dark Blue,1x Brick 2 x 2
3003,4,10255-1,Dark Bluish Gray,4x Brick 2 x 2
3004,19,10255-1,Light Bluish Gray,19x Brick 1 x 2
3004,20,10255-1,Sand Blue,20x Brick 1 x 2
3004,1,10255-1,Reddish Brown,1x Brick 1 x 2
3004,10,10255-1,Dark Bluish Gray,10x Brick 1 x 2
3004,9,10255-1,Tan,9x Brick 1 x 2
3004,5,10255-1,Dark Tan,5x Brick 1 x 2
3004,21,10255-1,Black,21x Brick 1 x 2
3004,16,10255-1,Sand Green,16x Brick 1 x 2
30044,7,10255-1,White,7x Window 1 x 2 x 2 2/3 with Rounded Top
30044,2,10255-1,Dark Bluish Gray,2x Window 1 x 2 x 2 2/3 with Rounded Top
30046,2,10255-1,Black,2x Window 1 x 2 x 2 2/3 Pane Lattice Diamond with Rounded Top
3005,11,10255-1,Tan,11x Brick 1 x 1
3005,22,10255-1,Sand Blue,22x Brick 1 x 1
3005,2,10255-1,Dark Blue,2x Brick 1 x 1
3005,6,10255-1,Dark Tan,6x Brick 1 x 1
3005,2,10255-1,Green,2x Brick 1 x 1
3005,18,10255-1,Light Bluish Gray,18x Brick 1 x 1
3005,4,10255-1,Medium Blue,4x Brick 1 x 1
3005,14,10255-1,Dark Bluish Gray,14x Brick 1 x 1
3005,4,10255-1,Trans-Clear,4x Brick 1 x 1
3005,12,10255-1,White,12x Brick 1 x 1
3005,3,10255-1,Black,3x Brick 1 x 1
3005,36,10255-1,Sand Green,36x Brick 1 x 1
3008,6,10255-1,Dark Bluish Gray,6x Brick 1 x 8
3008,7,10255-1,Light Bluish Gray,7x Brick 1 x 8
3008,13,10255-1,Tan,13x Brick 1 x 8
3009,13,10255-1,Dark Bluish Gray,13x Brick 1 x 6
3009,51,10255-1,Sand Blue,51x Brick 1 x 6
3009,1,10255-1,Dark Tan,1x Brick 1 x 6
3009,5,10255-1,Tan,5x Brick 1 x 6
3009,22,10255-1,Light Bluish Gray,22x Brick 1 x 6
3009,4,10255-1,White,4x Brick 1 x 6
3009,14,10255-1,Reddish Brown,14x Brick 1 x 6
3009,12,10255-1,Sand Green,12x Brick 1 x 6
3010,19,10255-1,Light Bluish Gray,19x Brick 1 x 4
3010,14,10255-1,Tan,14x Brick 1 x 4
3010,3,10255-1,White,3x Brick 1 x 4
3010,5,10255-1,Dark Tan,5x Brick 1 x 4
3010,11,10255-1,Dark Bluish Gray,11x Brick 1 x 4
3010,4,10255-1,Sand Green,4x Brick 1 x 4
3010,3,10255-1,Reddish Brown,3x Brick 1 x 4
30134,2,10255-1,Black,2x Stairs 7 x 4 x 6 Straight Open
30134,3,10255-1,Reddish Brown,3x Stairs 7 x 4 x 6 Straight Open
30136,3,10255-1,Reddish Brown,3x Brick Special 1 x 2 Palisade [aka Log]
30136,26,10255-1,Light Bluish Gray,26x Brick Special 1 x 2 Palisade [aka Log]
30151b,1,10255-1,Trans-Clear,1x Brick Round 2 x 2 x 1 2/3 Dome Top [Hollow Stud]
30153,1,10255-1,Trans-Clear,1x Rock 1 x 1 Jewel 24 Facet
3020,5,10255-1,Dark Bluish Gray,5x Plate 2 x 4
3020,2,10255-1,Dark Blue,2x Plate 2 x 4
3020,9,10255-1,Black,9x Plate 2 x 4
3020,8,10255-1,Reddish Brown,8x Plate 2 x 4
3020,4,10255-1,White,4x Plate 2 x 4
3020,10,10255-1,Light Bluish Gray,10x Plate 2 x 4
3021,5,10255-1,Reddish Brown,5x Plate 2 x 3
3021,7,10255-1,Black,7x Plate 2 x 3
3021,3,10255-1,Light Bluish Gray,3x Plate 2 x 3
3021,2,10255-1,Dark Blue,2x Plate 2 x 3
3022,1,10255-1,Tan,1x Plate 2 x 2
3022,9,10255-1,Black,9x Plate 2 x 2
3022,2,10255-1,White,2x Plate 2 x 2
3022,9,10255-1,Light Bluish Gray,9x Plate 2 x 2
3022,2,10255-1,Reddish Brown,2x Plate 2 x 2
3023,25,10255-1,Black,25x Plate 1 x 2
3023,8,10255-1,Dark Blue,8x Plate 1 x 2
3023,5,10255-1,Reddish Brown,5x Plate 1 x 2
3023,25,10255-1,White,25x Plate 1 x 2
3023,12,10255-1,Tan,12x Plate 1 x 2
3023,1,10255-1,Trans-Clear,1x Plate 1 x 2
3023,3,10255-1,Olive Green,3x Plate 1 x 2
3023,41,10255-1,Light Bluish Gray,41x Plate 1 x 2
3023,6,10255-1,Dark Bluish Gray,6x Plate 1 x 2
3023,3,10255-1,Dark Tan,3x Plate 1 x 2
30236,6,10255-1,Tan,6x Brick Special 1 x 2 with Handle
30237b,7,10255-1,Dark Bluish Gray,7x Brick Special 1 x 2 with Vertical Clip [Open O Clip]
3024,4,10255-1,Black,4x Plate 1 x 1
3024,2,10255-1,Reddish Brown,2x Plate 1 x 1
3024,2,10255-1,Dark Blue,2x Plate 1 x 1
3024,22,10255-1,Dark Bluish Gray,22x Plate 1 x 1
3024,1,10255-1,Dark Green,1x Plate 1 x 1
3024,7,10255-1,Dark Blue,7x Plate 1 x 1
3024,1,10255-1,Dark Bluish Gray,1x Plate 1 x 1
3024,5,10255-1,Light Bluish Gray,5x Plate 1 x 1
3024,1,10255-1,Dark Green,1x Plate 1 x 1
3024,3,10255-1,Tan,3x Plate 1 x 1
3024,5,10255-1,Reddish Brown,5x Plate 1 x 1
3024,17,10255-1,Black,17x Plate 1 x 1
3024,34,10255-1,White,34x Plate 1 x 1
3024,38,10255-1,Tan,38x Plate 1 x 1
3024,47,10255-1,Light Bluish Gray,47x Plate 1 x 1
3024,3,10255-1,White,3x Plate 1 x 1
3024,1,10255-1,Medium Blue,1x Plate 1 x 1
3024,2,10255-1,Medium Blue,2x Plate 1 x 1
3028,2,10255-1,Light Bluish Gray,2x Plate 6 x 12
3029,1,10255-1,Light Bluish Gray,1x Plate 4 x 12
3030,2,10255-1,Dark Bluish Gray,2x Plate 4 x 10
3031,1,10255-1,Dark Bluish Gray,1x Plate 4 x 4
3031,1,10255-1,Green,1x Plate 4 x 4
3032,8,10255-1,Dark Bluish Gray,8x Plate 4 x 6
3032,4,10255-1,Tan,4x Plate 4 x 6
3033,2,10255-1,Dark Bluish Gray,2x Plate 6 x 10
3034,6,10255-1,Light Bluish Gray,6x Plate 2 x 8
3034,1,10255-1,Black,1x Plate 2 x 8
30340,1,10255-1,Reddish Brown,1x Minifig Flotation Ring [Life Preserver]
30340,1,10255-1,Black,1x Minifig Flotation Ring [Life Preserver]
30350b,1,10255-1,Reddish Brown,1x Tile Special 2 x 3 with 2 Clips [Thick Open O Clips]
30357,6,10255-1,White,"6x Plate, Round Corner 3 x 3"
30357,3,10255-1,Light Bluish Gray,"3x Plate, Round Corner 3 x 3"
30357,3,10255-1,Black,"3x Plate, Round Corner 3 x 3"
3036,2,10255-1,Tan,2x Plate 6 x 8
3036,1,10255-1,Dark Bluish Gray,1x Plate 6 x 8
30367c,2,10255-1,Red,2x Brick Round 2 x 2 Dome Top - Hollow Stud with Bottom Axle Holder x Shape + Orientation
30374,5,10255-1,Black,5x Bar 4L (Lightsaber Blade / Wand)
30374,1,10255-1,Trans-Light Blue,1x Bar 4L (Lightsaber Blade / Wand)
3039,3,10255-1,Reddish Brown,3x Slope 45° 2 x 2
3040b,4,10255-1,Dark Blue,4x Slope 45° 2 x 1 with Bottom Pin
3040b,2,10255-1,Green,2x Slope 45° 2 x 1 with Bottom Pin
3040b,14,10255-1,White,14x Slope 45° 2 x 1 with Bottom Pin
3040b,4,10255-1,Light Bluish Gray,4x Slope 45° 2 x 1 with Bottom Pin
3040b,4,10255-1,Dark Bluish Gray,4x Slope 45° 2 x 1 with Bottom Pin
30414,1,10255-1,Light Bluish Gray,1x Brick Special 1 x 4 with 4 Studs on One Side
30503,1,10255-1,Reddish Brown,1x Wedge Plate 4 x 4 Cut Corner
30503,1,10255-1,Black,1x Wedge Plate 4 x 4 Cut Corner
30503,1,10255-1,Green,1x Wedge Plate 4 x 4 Cut Corner
30565,2,10255-1,Dark Bluish Gray,2x Plate Round Corner 4 x 4
30565,5,10255-1,Light Bluish Gray,5x Plate Round Corner 4 x 4
30586,4,10255-1,Light Bluish Gray,4x Plate Special 2 x 8 with Door Rail
3062b,2,10255-1,Light Bluish Gray,2x Brick Round 1 x 1 Open Stud
3062b,1,10255-1,Dark Red,1x Brick Round 1 x 1 Open Stud
3062b,5,10255-1,White,5x Brick Round 1 x 1 Open Stud
3062b,2,10255-1,Pearl Gold,2x Brick Round 1 x 1 Open Stud
3062b,2,10255-1,Dark Blue,2x Brick Round 1 x 1 Open Stud
3062b,4,10255-1,Trans-Clear,4x Brick Round 1 x 1 Open Stud
3062b,9,10255-1,Reddish Brown,9x Brick Round 1 x 1 Open Stud
3065,1,10255-1,Trans-Dark Blue,1x Brick 1 x 2 without Bottom Tube
3065,7,10255-1,Trans-Green,7x Brick 1 x 2 without Bottom Tube
3068b,18,10255-1,White,18x Tile 2 x 2 with Groove
3068b,4,10255-1,Dark Red,4x Tile 2 x 2 with Groove
3068b,15,10255-1,Light Bluish Gray,15x Tile 2 x 2 with Groove
3068b,2,10255-1,Bright Light Blue,2x Tile 2 x 2 with Groove
3068b,51,10255-1,Dark Bluish Gray,51x Tile 2 x 2 with Groove
3068b,12,10255-1,Tan,12x Tile 2 x 2 with Groove
3068bpr0197,1,10255-1,Dark Tan,1x Tile 2 x 2 with Sailing Ship and Moon Print
3068bpr0201,1,10255-1,White,1x Tile 2 x 2 with Newspaper 'THE LEGO NEWS' Print
3068bpr0273,1,10255-1,Reddish Brown,1x Tile 2 x 2 with Suspension Bridge Print
3068bpr0292,1,10255-1,Reddish Brown,"1x Tile 2 x 2 with Portrait of Male Minifig with Gray Hair and Beard, Black Suit print"
3069b,49,10255-1,Medium Dark Flesh,49x Tile 1 x 2 with Groove
3069b,36,10255-1,White,36x Tile 1 x 2 with Groove
3069b,53,10255-1,Dark Bluish Gray,53x Tile 1 x 2 with Groove
3069b,27,10255-1,Tan,27x Tile 1 x 2 with Groove
3069b,3,10255-1,Dark Red,3x Tile 1 x 2 with Groove
3069b,8,10255-1,Light Aqua,8x Tile 1 x 2 with Groove
3069b,25,10255-1,Light Bluish Gray,25x Tile 1 x 2 with Groove
3069b,12,10255-1,Black,12x Tile 1 x 2 with Groove
3069b,1,10255-1,Sand Blue,1x Tile 1 x 2 with Groove
3069b,13,10255-1,Dark Blue,13x Tile 1 x 2 with Groove
3069b,4,10255-1,Medium Blue,4x Tile 1 x 2 with Groove
3069b,2,10255-1,Dark Tan,2x Tile 1 x 2 with Groove
3069b,1,10255-1,Reddish Brown,1x Tile 1 x 2 with Groove
3069bpr0100,2,10255-1,Green,2x Tile 1 x 2 with '100' Banknote Print
3069bpr0144,1,10255-1,White,"1x Tile 1 x 2 with Lighthouse, Sailboat and 'I Heart HLC' Print"
3070b,14,10255-1,Dark Blue,14x Tile 1 x 1 with Groove
3070b,2,10255-1,Reddish Brown,2x Tile 1 x 1 with Groove
3070b,1,10255-1,Orange,1x Tile 1 x 1 with Groove
3070b,3,10255-1,Black,3x Tile 1 x 1 with Groove
3070b,13,10255-1,White,13x Tile 1 x 1 with Groove
3070b,1,10255-1,Black,1x Tile 1 x 1 with Groove
3070b,2,10255-1,Dark Blue,2x Tile 1 x 1 with Groove
3070b,4,10255-1,Dark Bluish Gray,4x Tile 1 x 1 with Groove
3070b,1,10255-1,Medium Blue,1x Tile 1 x 1 with Groove
3070b,4,10255-1,White,4x Tile 1 x 1 with Groove
3070b,1,10255-1,Dark Bluish Gray,1x Tile 1 x 1 with Groove
3070b,39,10255-1,Dark Tan,39x Tile 1 x 1 with Groove
3070b,1,10255-1,Sand Blue,1x Tile 1 x 1 with Groove
3070b,2,10255-1,Medium Dark Flesh,2x Tile 1 x 1 with Groove
3070b,5,10255-1,Blue,5x Tile 1 x 1 with Groove
3070b,3,10255-1,Medium Blue,3x Tile 1 x 1 with Groove
3070b,1,10255-1,Dark Tan,1x Tile 1 x 1 with Groove
3070b,4,10255-1,Reddish Brown,4x Tile 1 x 1 with Groove
3070b,1,10255-1,Orange,1x Tile 1 x 1 with Groove
3070b,4,10255-1,Light Bluish Gray,4x Tile 1 x 1 with Groove
3070b,1,10255-1,Medium Dark Flesh,1x Tile 1 x 1 with Groove
3070b,1,10255-1,Blue,1x Tile 1 x 1 with Groove
3070b,1,10255-1,Sand Blue,1x Tile 1 x 1 with Groove
3176,1,10255-1,Black,1x Plate Special 3 x 2 with Hole
32000,5,10255-1,Light Bluish Gray,5x Technic Brick 1 x 2 [2 Holes]
32028,2,10255-1,White,2x Plate Special 1 x 2 with Door Rail
32028,14,10255-1,Dark Bluish Gray,14x Plate Special 1 x 2 with Door Rail
32028,2,10255-1,Reddish Brown,2x Plate Special 1 x 2 with Door Rail
32028,4,10255-1,Red,4x Plate Special 1 x 2 with Door Rail
32028,10,10255-1,Light Bluish Gray,10x Plate Special 1 x 2 with Door Rail
32028,30,10255-1,Dark Tan,30x Plate Special 1 x 2 with Door Rail
32062,1,10255-1,Red,1x Technic Axle 2 Notched
32474,1,10255-1,Metallic Silver,1x Technic Ball Joint
33125,1,10255-1,White,1x Croissant
33183,1,10255-1,Bright Green,1x Carrot Top
33183,1,10255-1,Bright Green,1x Carrot Top
33291,5,10255-1,Bright Light Orange,5x Plate Round 1 x 1 with Flower Edge [4 Petals]
33291,1,10255-1,Magenta,1x Plate Round 1 x 1 with Flower Edge [4 Petals]
33291,1,10255-1,Lavender,1x Plate Round 1 x 1 with Flower Edge [4 Petals]
33291,1,10255-1,Red,1x Plate Round 1 x 1 with Flower Edge [4 Petals]
33291,1,10255-1,Green,1x Plate Round 1 x 1 with Flower Edge [4 Petals]
33291,3,10255-1,Bright Green,3x Plate Round 1 x 1 with Flower Edge [4 Petals]
33291,2,10255-1,Magenta,2x Plate Round 1 x 1 with Flower Edge [4 Petals]
33291,3,10255-1,Medium Lavender,3x Plate Round 1 x 1 with Flower Edge [4 Petals]
33291,9,10255-1,Red,9x Plate Round 1 x 1 with Flower Edge [4 Petals]
33291,3,10255-1,Bright Light Orange,3x Plate Round 1 x 1 with Flower Edge [4 Petals]
33291,6,10255-1,Lavender,6x Plate Round 1 x 1 with Flower Edge [4 Petals]
33291,15,10255-1,Bright Green,15x Plate Round 1 x 1 with Flower Edge [4 Petals]
33291,1,10255-1,Medium Lavender,1x Plate Round 1 x 1 with Flower Edge [4 Petals]
33291,9,10255-1,Green,9x Plate Round 1 x 1 with Flower Edge [4 Petals]
3456,7,10255-1,Dark Bluish Gray,7x Plate 6 x 14
3456,2,10255-1,Tan,2x Plate 6 x 14
3460,1,10255-1,Tan,1x Plate 1 x 8
3460,6,10255-1,Black,6x Plate 1 x 8
3460,5,10255-1,White,5x Plate 1 x 8
3460,9,10255-1,Light Bluish Gray,9x Plate 1 x 8
3622,6,10255-1,Dark Bluish Gray,6x Brick 1 x 3
3622,2,10255-1,Red,2x Brick 1 x 3
3622,3,10255-1,White,3x Brick 1 x 3
3622,16,10255-1,Light Bluish Gray,16x Brick 1 x 3
3622,4,10255-1,Reddish Brown,4x Brick 1 x 3
3622,1,10255-1,Black,1x Brick 1 x 3
3622,16,10255-1,Tan,16x Brick 1 x 3
3623,4,10255-1,Red,4x Plate 1 x 3
3623,2,10255-1,Dark Bluish Gray,2x Plate 1 x 3
3623,2,10255-1,Reddish Brown,2x Plate 1 x 3
3623,4,10255-1,Dark Blue,4x Plate 1 x 3
3623,6,10255-1,Light Bluish Gray,6x Plate 1 x 3
3623,7,10255-1,White,7x Plate 1 x 3
3623,4,10255-1,Black,4x Plate 1 x 3
3626b,2,10255-1,Trans-Clear,2x Minifig Head Plain [Blocked Open Stud]
3626bpr0001,8,10255-1,Yellow,8x Minifig Head Standard Grin Print [Blocked Open Stud]
3633,1,10255-1,White,1x Fence 1 x 4 x 1
3633,5,10255-1,Black,5x Fence 1 x 4 x 1
3659,14,10255-1,White,14x Brick Arch 1 x 4
3660,2,10255-1,Light Bluish Gray,"2x Slope Inverted 45° 2 x 2 [Ovoid Bottom Pin, Bar-sized Stud Holes]"
3660,1,10255-1,Tan,"1x Slope Inverted 45° 2 x 2 [Ovoid Bottom Pin, Bar-sized Stud Holes]"
3665,17,10255-1,White,17x Slope Inverted 45° 2 x 1
3665,4,10255-1,Light Bluish Gray,4x Slope Inverted 45° 2 x 1
3665,6,10255-1,Black,6x Slope Inverted 45° 2 x 1
3666,2,10255-1,Reddish Brown,2x Plate 1 x 6
3666,4,10255-1,Tan,4x Plate 1 x 6
3666,11,10255-1,Black,11x Plate 1 x 6
3666,5,10255-1,Dark Bluish Gray,5x Plate 1 x 6
3666,7,10255-1,White,7x Plate 1 x 6
3666,21,10255-1,Light Bluish Gray,21x Plate 1 x 6
3676,1,10255-1,White,1x Slope Inverted 45° 2 x 2 Double Convex
3678b,4,10255-1,Dark Red,4x Slope 65° 2 x 2 x 2 with Bottom Tube
3679,4,10255-1,Light Bluish Gray,4x Turntable 2 x 2 Plate - Top
3680,2,10255-1,White,"2x Turntable 2 x 2 Plate, Base"
3680,2,10255-1,Black,"2x Turntable 2 x 2 Plate, Base"
3685,7,10255-1,Dark Blue,7x Slope 75° 2 x 2 x 3 Double Convex
3688,1,10255-1,Dark Blue,1x Slope 75° 2 x 2 x 2 Quadruple Convex
3700,5,10255-1,Tan,5x Technic Brick 1 x 2 [1 Hole]
3700,1,10255-1,White,1x Technic Brick 1 x 2 [1 Hole]
3705,1,10255-1,Red,1x Technic Axle 4
3710,10,10255-1,White,10x Plate 1 x 4
3710,6,10255-1,Reddish Brown,6x Plate 1 x 4
3710,6,10255-1,Sand Blue,6x Plate 1 x 4
3710,2,10255-1,Dark Tan,2x Plate 1 x 4
3710,5,10255-1,Black,5x Plate 1 x 4
3710,9,10255-1,Dark Bluish Gray,9x Plate 1 x 4
3710,5,10255-1,Tan,5x Plate 1 x 4
3710,49,10255-1,Light Bluish Gray,49x Plate 1 x 4
3794b,61,10255-1,White,61x Plate Special 1 x 2 with 1 Stud with Groove (Jumper)
3794b,84,10255-1,Light Bluish Gray,84x Plate Special 1 x 2 with 1 Stud with Groove (Jumper)
3795,3,10255-1,Dark Brown,3x Plate 2 x 6
3795,2,10255-1,Black,2x Plate 2 x 6
3795,2,10255-1,Light Bluish Gray,2x Plate 2 x 6
3811,1,10255-1,Green,1x Baseplate 32 x 32
3832,2,10255-1,Light Bluish Gray,2x Plate 2 x 10
3836,1,10255-1,Reddish Brown,1x Minifig Pushbroom
3837,1,10255-1,Dark Bluish Gray,1x Minifig Shovel [Round Stem End]
3839b,1,10255-1,Black,1x Plate Special 1 x 2 with Handles [Flat Ends / Low Attachment]
3857,1,10255-1,Green,1x Baseplate 16 x 32
3898,1,10255-1,White,1x Minifig Baker's Hat
3899,2,10255-1,Yellow,2x Minifig Cup
3899,3,10255-1,Red,3x Minifig Cup
3940b,3,10255-1,Black,3x Support 2 x 2 x 2 Stand with Reach-Through Center Hole
3941,1,10255-1,Reddish Brown,1x Brick Round 2 x 2 with Axle Hole
3956,1,10255-1,Light Bluish Gray,1x Bracket 2 x 2 - 2 x 2
3958,1,10255-1,Dark Bluish Gray,1x Plate 6 x 6
3960,1,10255-1,Trans-Light Blue,1x Dish 4 x 4 Inverted [Radar]
4032a,2,10255-1,Dark Bluish Gray,2x Plate Round 2 x 2 with Axle Hole Type 1 (+ Opening)
4032a,4,10255-1,White,4x Plate Round 2 x 2 with Axle Hole Type 1 (+ Opening)
4032a,5,10255-1,Blue,5x Plate Round 2 x 2 with Axle Hole Type 1 (+ Opening)
4032a,6,10255-1,Black,6x Plate Round 2 x 2 with Axle Hole Type 1 (+ Opening)
4032a,1,10255-1,Tan,1x Plate Round 2 x 2 with Axle Hole Type 1 (+ Opening)
4070,8,10255-1,Dark Bluish Gray,8x Brick Special 1 x 1 with Headlight and No Slot
4070,19,10255-1,Light Bluish Gray,19x Brick Special 1 x 1 with Headlight and No Slot
4070,4,10255-1,White,4x Brick Special 1 x 1 with Headlight and No Slot
4070,4,10255-1,Dark Red,4x Brick Special 1 x 1 with Headlight and No Slot
4079,2,10255-1,Blue,2x Minifig Seat 2 x 2
4081b,4,10255-1,Black,4x Plate Special 1 x 1 with Clip Light [Thick Ring]
4081b,3,10255-1,Light Bluish Gray,3x Plate Special 1 x 1 with Clip Light [Thick Ring]
4162,2,10255-1,White,2x Tile 1 x 8 with Groove
4162,19,10255-1,Light Bluish Gray,19x Tile 1 x 8 with Groove
4162,1,10255-1,Black,1x Tile 1 x 8 with Groove
4176,1,10255-1,Trans-Clear,1x Windscreen 2 x 6 x 2
4218,18,10255-1,Trans-Clear,18x Garage Roller Door Section without Handle
4274,1,10255-1,Blue,1x Technic Pin 1/2
4274,14,10255-1,Blue,14x Technic Pin 1/2
4282,1,10255-1,White,1x Plate 2 x 16
4282,1,10255-1,Light Bluish Gray,1x Plate 2 x 16
4345b,2,10255-1,Light Bluish Gray,2x Box 2 x 2 x 2 [Hollow Studs]
4346,2,10255-1,Trans-Clear,2x Box 2 x 2 x 2 Door with Slot
43722,1,10255-1,Reddish Brown,1x Wedge Plate 3 x 2 Right
43888,2,10255-1,Dark Bluish Gray,2x Support 1 x 1 x 6 Solid Pillar
43898,1,10255-1,White,1x Dish 3 x 3 Inverted [Radar]
44302a,1,10255-1,Light Bluish Gray,"1x Hinge Plate 1 x 2 Locking with 2 Fingers On End, with Groove"
44375b,1,10255-1,White,1x Dish 6 x 6 Inverted (Radar) [Solid Studs]
44567a,1,10255-1,Light Bluish Gray,"1x Hinge Plate 1 x 2 Locking with 1 Finger on Side, with Groove"
4460b,3,10255-1,Light Bluish Gray,3x Slope 75° 2 x 1 x 3 with Hollow Stud
4477,5,10255-1,White,5x Plate 1 x 10
4477,13,10255-1,Light Bluish Gray,13x Plate 1 x 10
4477,4,10255-1,Dark Bluish Gray,4x Plate 1 x 10
4510,2,10255-1,White,2x Plate Special 1 x 8 with Door Rail
4510,2,10255-1,Light Bluish Gray,2x Plate Special 1 x 8 with Door Rail
4519,1,10255-1,Yellow,1x Technic Axle 3
4528,1,10255-1,Black,1x Minifig Frying Pan
4529,1,10255-1,Black,1x Minifig Saucepan
4533,1,10255-1,Trans-Light Blue,1x Cupboard 2 x 3 x 2 Door
4536,2,10255-1,White,2x Cupboard 2 x 3 x X Drawer
4536,1,10255-1,Medium Dark Flesh,1x Cupboard 2 x 3 x X Drawer
4599b,7,10255-1,Light Bluish Gray,7x Tap 1 x 1 without Hole in Spout
4599b,3,10255-1,Black,3x Tap 1 x 1 without Hole in Spout
4599b,3,10255-1,Light Bluish Gray,3x Tap 1 x 1 without Hole in Spout
4599b,2,10255-1,Black,2x Tap 1 x 1 without Hole in Spout
4733,1,10255-1,Dark Bluish Gray,1x Brick Special 1 x 1 Studs on 4 Sides
4740,7,10255-1,Black,7x Dish 2 x 2 Inverted [Radar]
4740,1,10255-1,Trans-Light Blue,1x Dish 2 x 2 Inverted [Radar]
4740,4,10255-1,Light Bluish Gray,4x Dish 2 x 2 Inverted [Radar]
4740,3,10255-1,Yellow,3x Dish 2 x 2 Inverted [Radar]
4740,1,10255-1,Metallic Silver,1x Dish 2 x 2 Inverted [Radar]
4740,4,10255-1,White,4x Dish 2 x 2 Inverted [Radar]
4740,2,10255-1,Tan,2x Dish 2 x 2 Inverted [Radar]
4740,1,10255-1,Metallic Silver,1x Dish 2 x 2 Inverted [Radar]
4740,1,10255-1,Dark Bluish Gray,1x Dish 2 x 2 Inverted [Radar]
47457,2,10255-1,Olive Green,"2x Brick Curved 2 x 2 x 2/3 Two Studs, Curved Slope End"
47457,1,10255-1,White,"1x Brick Curved 2 x 2 x 2/3 Two Studs, Curved Slope End"
48336,2,10255-1,White,2x Plate Special 1 x 2 [Side Handle Closed Ends]
48336,5,10255-1,Black,5x Plate Special 1 x 2 [Side Handle Closed Ends]
4865b,3,10255-1,White,3x Panel 1 x 2 x 1 [Rounded Corners]
4865b,2,10255-1,Red,2x Panel 1 x 2 x 1 [Rounded Corners]
4865b,1,10255-1,Trans-Clear,1x Panel 1 x 2 x 1 [Rounded Corners]
4865b,1,10255-1,Black,1x Panel 1 x 2 x 1 [Rounded Corners]
48729b,4,10255-1,Light Bluish Gray,4x Bar 1L with Clip [Cut Edges and One Side Hole]
48729b,7,10255-1,Black,7x Bar 1L with Clip [Cut Edges and One Side Hole]
48729b,1,10255-1,Light Bluish Gray,1x Bar 1L with Clip [Cut Edges and One Side Hole]
48729b,5,10255-1,Black,5x Bar 1L with Clip [Cut Edges and One Side Hole]
50950,8,10255-1,White,8x Slope Curved 3 x 1 No Studs
50950,8,10255-1,Yellow,8x Slope Curved 3 x 1 No Studs
54200,1,10255-1,Black,1x Slope 30° 1 x 1 x 2/3 (Cheese Slope)
54200,8,10255-1,Dark Bluish Gray,8x Slope 30° 1 x 1 x 2/3 (Cheese Slope)
54200,2,10255-1,Medium Dark Flesh,2x Slope 30° 1 x 1 x 2/3 (Cheese Slope)
54200,1,10255-1,Dark Red,1x Slope 30° 1 x 1 x 2/3 (Cheese Slope)
54200,17,10255-1,Light Bluish Gray,17x Slope 30° 1 x 1 x 2/3 (Cheese Slope)
54200,2,10255-1,Trans-Clear,2x Slope 30° 1 x 1 x 2/3 (Cheese Slope)
54200,1,10255-1,Black,1x Slope 30° 1 x 1 x 2/3 (Cheese Slope)
54200,60,10255-1,Medium Dark Flesh,60x Slope 30° 1 x 1 x 2/3 (Cheese Slope)
54200,1,10255-1,Trans-Clear,1x Slope 30° 1 x 1 x 2/3 (Cheese Slope)
54200,2,10255-1,Light Bluish Gray,2x Slope 30° 1 x 1 x 2/3 (Cheese Slope)
54200,1,10255-1,Dark Red,1x Slope 30° 1 x 1 x 2/3 (Cheese Slope)
54200,1,10255-1,Dark Blue,1x Slope 30° 1 x 1 x 2/3 (Cheese Slope)
54200,1,10255-1,Dark Bluish Gray,1x Slope 30° 1 x 1 x 2/3 (Cheese Slope)
54200,4,10255-1,Dark Blue,4x Slope 30° 1 x 1 x 2/3 (Cheese Slope)
57895,7,10255-1,Trans-Clear,7x Glass for Window 1 x 4 x 6
58181,2,10255-1,Trans-Black,2x Slope 33° 3 x 6 No Inner Walls
59900,1,10255-1,Green,1x Cone 1 x 1 [Top Groove]
59900,1,10255-1,Trans-Dark Blue,1x Cone 1 x 1 [Top Groove]
59900,2,10255-1,Trans-Yellow,2x Cone 1 x 1 [Top Groove]
59900,2,10255-1,Black,2x Cone 1 x 1 [Top Groove]
6003,2,10255-1,Tan,2x Plate Round Corner 6 x 6
6003,1,10255-1,Dark Bluish Gray,1x Plate Round Corner 6 x 6
60208,1,10255-1,White,1x Wheel 31 x 15 Technic
60470a,3,10255-1,Black,3x Plate Special 1 x 2 with Clips Horizontal [Thick U-Clips]
60470a,2,10255-1,White,2x Plate Special 1 x 2 with Clips Horizontal [Thick U-Clips]
60474,1,10255-1,Black,1x Plate Round 4 x 4 with Pin Hole
60475b,4,10255-1,Black,"4x Brick Special 1 x 1 with Clip Vertical [Open O Clip, Hollow Stud]"
60475b,2,10255-1,Medium Dark Flesh,"2x Brick Special 1 x 1 with Clip Vertical [Open O Clip, Hollow Stud]"
60476,2,10255-1,White,2x Brick Special 1 x 1 with Clip Horizontal
60476,2,10255-1,Light Bluish Gray,2x Brick Special 1 x 1 with Clip Horizontal
60477,2,10255-1,White,2x Slope 18° 4 x 1
60478,2,10255-1,Dark Tan,2x Plate Special 1 x 2 with Handle on End [Closed Ends]
60478,2,10255-1,Blue,2x Plate Special 1 x 2 with Handle on End [Closed Ends]
60478,2,10255-1,Black,2x Plate Special 1 x 2 with Handle on End [Closed Ends]
60479,1,10255-1,Dark Bluish Gray,1x Plate 1 x 12
60592,30,10255-1,Black,30x Window 1 x 2 x 2 Flat Front
60592,8,10255-1,White,8x Window 1 x 2 x 2 Flat Front
60592,1,10255-1,Reddish Brown,1x Window 1 x 2 x 2 Flat Front
60592,1,10255-1,Sand Blue,1x Window 1 x 2 x 2 Flat Front
60593,15,10255-1,White,15x Window 1 x 2 x 3 Flat Front
60594,2,10255-1,White,2x Window 1 x 4 x 3 without Shutter Tabs
60594,7,10255-1,Black,7x Window 1 x 4 x 3 without Shutter Tabs
60596,19,10255-1,Black,19x Door Frame 1 x 4 x 6 Type 2
60601,1,10255-1,Trans-Light Blue,1x Glass for Window 1 x 2 x 2 Flat
60601,8,10255-1,White,8x Glass for Window 1 x 2 x 2 Flat
60601,30,10255-1,Trans-Clear,30x Glass for Window 1 x 2 x 2 Flat
60602,15,10255-1,Trans-Clear,15x Glass for Window 1 x 2 x 3 Flat Front
60603,7,10255-1,Trans-Clear,7x Glass for Window 1 x 4 x 3 - Opening
60603pr0005,1,10255-1,Trans-Clear,"1x Glass for Window 1 x 4 x 3 - Opening with &quot;Prevent Yellowing&quot;, Tooth Logo and &quot;DENTIST&quot; Print"
60608,2,10255-1,White,2x Window 1 x 2 x 3 Pane with Thick Corner Tabs
60616b,1,10255-1,Reddish Brown,1x Door  1 x  4 x  6 Smooth with Chamfered Handle Plinth
60616b,4,10255-1,Trans-Clear,4x Door  1 x  4 x  6 Smooth with Chamfered Handle Plinth
60623,7,10255-1,White,7x Door 1 x 4 x 6 with 4 Panes and Stud Handle
60623,1,10255-1,Reddish Brown,1x Door 1 x 4 x 6 with 4 Panes and Stud Handle
60797c02,1,10255-1,Black,1x Door 1 x 4 x 6 with 3 Panes and Stud Handle with Trans-Black Glass
60849,1,10255-1,Light Bluish Gray,1x Minifig Hose Nozzle with Side String Hole Simplified
60849,1,10255-1,Light Bluish Gray,1x Minifig Hose Nozzle with Side String Hole Simplified
60897,12,10255-1,Black,12x Plate Special 1 x 1 with Clip Vertical [Thick Open O Clip]
60897,12,10255-1,Dark Bluish Gray,12x Plate Special 1 x 1 with Clip Vertical [Thick Open O Clip]
60897,2,10255-1,Light Bluish Gray,2x Plate Special 1 x 1 with Clip Vertical [Thick Open O Clip]
60897,1,10255-1,White,1x Plate Special 1 x 1 with Clip Vertical [Thick Open O Clip]
6091,4,10255-1,Medium Lavender,4x Brick Curved 1 x 2 x 1 1/3 with Curved Top
6091,2,10255-1,Red,2x Brick Curved 1 x 2 x 1 1/3 with Curved Top
6091,5,10255-1,Light Bluish Gray,5x Brick Curved 1 x 2 x 1 1/3 with Curved Top
6091,4,10255-1,Magenta,4x Brick Curved 1 x 2 x 1 1/3 with Curved Top
61183,1,10255-1,Dark Bluish Gray,"1x Minifig Hair - Swept Back, Tousled"
6141,1,10255-1,Dark Bluish Gray,1x Plate Round 1 x 1 with Solid Stud
6141,1,10255-1,Reddish Brown,1x Plate Round 1 x 1 with Solid Stud
6141,3,10255-1,Black,3x Plate Round 1 x 1 with Solid Stud
6141,6,10255-1,Trans-Yellow,6x Plate Round 1 x 1 with Solid Stud
6141,1,10255-1,Dark Bluish Gray,1x Plate Round 1 x 1 with Solid Stud
6141,9,10255-1,Flat Silver,9x Plate Round 1 x 1 with Solid Stud
6141,1,10255-1,Light Bluish Gray,1x Plate Round 1 x 1 with Solid Stud
6141,2,10255-1,White,2x Plate Round 1 x 1 with Solid Stud
6141,2,10255-1,Trans-Yellow,2x Plate Round 1 x 1 with Solid Stud
6141,4,10255-1,Tan,4x Plate Round 1 x 1 with Solid Stud
6141,1,10255-1,Tan,1x Plate Round 1 x 1 with Solid Stud
6141,10,10255-1,Light Bluish Gray,10x Plate Round 1 x 1 with Solid Stud
6141,4,10255-1,Reddish Brown,4x Plate Round 1 x 1 with Solid Stud
6141,3,10255-1,Pearl Gold,3x Plate Round 1 x 1 with Solid Stud
6141,1,10255-1,Pearl Gold,1x Plate Round 1 x 1 with Solid Stud
6141,7,10255-1,White,7x Plate Round 1 x 1 with Solid Stud
6141,10,10255-1,Black,10x Plate Round 1 x 1 with Solid Stud
6141,2,10255-1,Bright Pink,2x Plate Round 1 x 1 with Solid Stud
6141,4,10255-1,Yellow,4x Plate Round 1 x 1 with Solid Stud
6141,1,10255-1,Flat Silver,1x Plate Round 1 x 1 with Solid Stud
6141,9,10255-1,Bright Pink,9x Plate Round 1 x 1 with Solid Stud
6141,2,10255-1,Yellow,2x Plate Round 1 x 1 with Solid Stud
6154,1,10255-1,White,1x Door Frame 1 x 4 x 4 (Lift)
6155,1,10255-1,Light Bluish Gray,1x Door 1 x 4 x 4 Lift
61780,2,10255-1,Reddish Brown,2x Container Box 2 x 2 x 2 - Top Opening
6179,1,10255-1,White,1x Tile Special 4 x 4 with Studs on Edge
6179,1,10255-1,Light Bluish Gray,1x Tile Special 4 x 4 with Studs on Edge
6231,6,10255-1,Reddish Brown,6x Panel 1 x 1 x 1 Corner
6231,2,10255-1,Light Bluish Gray,2x Panel 1 x 1 x 1 Corner
62462,2,10255-1,White,2x Technic Pin Connector Round [Slotted]
62711,1,10255-1,Black,"1x Minifig Hair Short, Bob Cut"
63864,32,10255-1,Light Bluish Gray,32x Tile 1 x 3
63864,9,10255-1,Tan,9x Tile 1 x 3
63864,2,10255-1,Red,2x Tile 1 x 3
63868,1,10255-1,Black,1x Plate Special 1 x 2 with Clip Horizontal on End
63965,1,10255-1,Pearl Gold,1x Bar 6L with Stop Ring
63965,1,10255-1,Black,1x Bar 6L with Stop Ring
64567,1,10255-1,Black,1x Minifig Lightsaber Hilt with Bottom Ring
64567,1,10255-1,Black,1x Minifig Lightsaber Hilt with Bottom Ring
64644,3,10255-1,Black,3x Minifig Telescope
64644,8,10255-1,Light Bluish Gray,8x Minifig Telescope
64647,1,10255-1,Trans-Orange,1x Minifig Feather / Plume Triple Point
64647,1,10255-1,White,1x Minifig Feather / Plume Triple Point
64647,1,10255-1,Trans-Orange,1x Minifig Feather / Plume Triple Point
64647,1,10255-1,White,1x Minifig Feather / Plume Triple Point
64727,2,10255-1,Green,2x Spike Flexible 3.5L
6541,12,10255-1,Dark Bluish Gray,12x Technic Brick 1 x 1 with Hole
6564,1,10255-1,Black,1x Wedge 3 x 2 Right
6636,5,10255-1,Tan,5x Tile 1 x 6 with Groove
6636,36,10255-1,Light Bluish Gray,36x Tile 1 x 6 with Groove
6636,2,10255-1,Black,2x Tile 1 x 6 with Groove
6636,14,10255-1,White,14x Tile 1 x 6 with Groove
6636,2,10255-1,Reddish Brown,2x Tile 1 x 6 with Groove
75904,6,10255-1,Light Bluish Gray,6x Minifig Sledge Hammer
85080,2,10255-1,Dark Tan,"2x Brick, Round Corner 2 x 2 Macaroni with Stud Notch and Reinforced Underside [New Style]"
85861,1,10255-1,White,1x Plate Round 1 x 1 with Open Stud
85861,5,10255-1,Dark Red,5x Plate Round 1 x 1 with Open Stud
85861,3,10255-1,Trans-Orange,3x Plate Round 1 x 1 with Open Stud
85861,2,10255-1,Black,2x Plate Round 1 x 1 with Open Stud
85861,1,10255-1,White,1x Plate Round 1 x 1 with Open Stud
85861,1,10255-1,Trans-Orange,1x Plate Round 1 x 1 with Open Stud
85861,1,10255-1,Dark Red,1x Plate Round 1 x 1 with Open Stud
85861,16,10255-1,Black,16x Plate Round 1 x 1 with Open Stud
85975,2,10255-1,Pearl Gold,2x Cone 1.17 x 1.17 x 2/3 (Fez)
85975,2,10255-1,Dark Red,2x Cone 1.17 x 1.17 x 2/3 (Fez)
85975,1,10255-1,White,1x Cone 1.17 x 1.17 x 2/3 (Fez)
85984,3,10255-1,Light Bluish Gray,3x Slope 30° 1 x 2 x 2/3
85984,2,10255-1,Black,2x Slope 30° 1 x 2 x 2/3
87079,3,10255-1,Black,3x Tile 2 x 4 with Groove
87079,2,10255-1,Red,2x Tile 2 x 4 with Groove
87079,1,10255-1,Dark Blue,1x Tile 2 x 4 with Groove
87083,1,10255-1,Dark Bluish Gray,1x Technic Axle 4 with Stop
87087,1,10255-1,Dark Bluish Gray,1x Brick Special 1 x 1 with Stud on 1 Side
87087,18,10255-1,White,18x Brick Special 1 x 1 with Stud on 1 Side
87087,6,10255-1,Light Bluish Gray,6x Brick Special 1 x 1 with Stud on 1 Side
87087,4,10255-1,Black,4x Brick Special 1 x 1 with Stud on 1 Side
87087,2,10255-1,Dark Green,2x Brick Special 1 x 1 with Stud on 1 Side
87087,19,10255-1,Tan,19x Brick Special 1 x 1 with Stud on 1 Side
87087,4,10255-1,Sand Green,4x Brick Special 1 x 1 with Stud on 1 Side
87544,14,10255-1,White,14x Panel 1 x 2 x 3 [Side Supports / Hollow Studs]
87552,6,10255-1,Reddish Brown,6x Panel 1 x 2 x 2 [Side Supports / Hollow Studs]
87552,17,10255-1,White,17x Panel 1 x 2 x 2 [Side Supports / Hollow Studs]
87580,9,10255-1,Reddish Brown,9x Plate Special 2 x 2 with Groove and Center Stud (Jumper)
87580,1,10255-1,Green,1x Plate Special 2 x 2 with Groove and Center Stud (Jumper)
87580,3,10255-1,Dark Tan,3x Plate Special 2 x 2 with Groove and Center Stud (Jumper)
87580,2,10255-1,Black,2x Plate Special 2 x 2 with Groove and Center Stud (Jumper)
87580,2,10255-1,Light Bluish Gray,2x Plate Special 2 x 2 with Groove and Center Stud (Jumper)
87580,2,10255-1,Sand Blue,2x Plate Special 2 x 2 with Groove and Center Stud (Jumper)
87585,1,10255-1,Reddish Brown,1x Minifig Oar [Reinforced]
87620,4,10255-1,Black,4x Facet 2 x 2
87989,1,10255-1,Light Bluish Gray,1x Minifig Syringe
87989,1,10255-1,Light Bluish Gray,1x Minifig Syringe
87990,1,10255-1,Medium Dark Flesh,1x Minifig Hair Female Ponytail and Swept Sideways Fringe
87994,4,10255-1,Light Bluish Gray,4x Bar 3L
87994,2,10255-1,Light Bluish Gray,2x Bar 3L
87994,2,10255-1,Bright Green,2x Bar 3L
87994,2,10255-1,Black,2x Bar 3L
87994,3,10255-1,Bright Green,3x Bar 3L
87994,1,10255-1,Black,1x Bar 3L
88072,2,10255-1,Light Bluish Gray,2x Plate Special 1 x 2 with Arm Up [Horizontal Arm 5mm]
88292,15,10255-1,White,15x Brick Arch 1 x 3 x 2
88293,3,10255-1,Dark Bluish Gray,3x Brick Round Corner 3 x 3 x 2 Dome Top
88646,1,10255-1,Light Bluish Gray,1x Tile Special 4 x 3 with 4 Studs in Centre
90195,4,10255-1,Tan,4x Window 1 x 2 x 2 Castle
90258,1,10255-1,Dark Bluish Gray,1x Brick Special 2 x 2 with Grooves and Axle Hole
90386,1,10255-1,Black,1x Beret
91501,1,10255-1,Light Bluish Gray,1x Panel 2 x 2 x 1 Corner
91988,2,10255-1,Tan,2x Plate 2 x 14
91988,1,10255-1,Dark Bluish Gray,1x Plate 2 x 14
91988,13,10255-1,Light Bluish Gray,13x Plate 2 x 14
92280,2,10255-1,Light Bluish Gray,2x Plate Special 1 x 2 [Top Clip]
92410,2,10255-1,White,2x Cupboard 2 x 3 x 2 with Hollow Studs
92410,1,10255-1,Black,1x Cupboard 2 x 3 x 2 with Hollow Studs
92438,1,10255-1,Light Bluish Gray,1x Plate 8 x 16
92589,1,10255-1,Pearl Dark Gray,1x Door Grill 1 x 4 x 9
92946,5,10255-1,Black,5x Slope 45° 2 x 1 with 2/3 Cutout [Original Version]
92946,4,10255-1,Dark Bluish Gray,4x Slope 45° 2 x 1 with 2/3 Cutout [Original Version]
92947,4,10255-1,White,"4x Brick, Round 2 x 2 [Grill]"
92947,2,10255-1,Red,"2x Brick, Round 2 x 2 [Grill]"
92950,3,10255-1,Dark Bluish Gray,3x Brick Arch 1 x 6 Raised Arch
93273,1,10255-1,White,1x Slope Curved 4 x 1 Double No Studs
93609,1,10255-1,Black,1x Arm Skeleton [Bent / 2 Clips]
93609,2,10255-1,Black,2x Arm Skeleton [Bent / 2 Clips]
95342,1,10255-1,White,1x Chicken
96874,1,10255-1,Orange,1x Brick and Axle Separator v2.0
970c00,1,10255-1,Olive Green,1x Legs and Hips [Complete Assembly]
970c00,1,10255-1,Dark Bluish Gray,1x Legs and Hips [Complete Assembly]
970c00,1,10255-1,Tan,1x Legs and Hips [Complete Assembly]
970c00,1,10255-1,Reddish Brown,1x Legs and Hips [Complete Assembly]
970c00,1,10255-1,Light Bluish Gray,1x Legs and Hips [Complete Assembly]
970c00,1,10255-1,Dark Tan,1x Legs and Hips [Complete Assembly]
970c00,1,10255-1,White,1x Legs and Hips [Complete Assembly]
970c00pr0601,1,10255-1,Sand Blue,1x Legs and Reddish Brown Hips with Reddish Brown Apron Print
973pr3017c01,1,10255-1,Bright Pink,1x MINI UPPER PART NO. 3017
973pr3083c01,1,10255-1,White,1x MINI UPPER PART NO. 3083
973pr3424c01,1,10255-1,Medium Lavender,1x MINI UPPER PART NO. 3424
973pr3425c01,1,10255-1,Red,1x MINI UPPER PART NO.3425
973pr3434c01,1,10255-1,Bright Light Blue,1x MINI UPPER PART NO.3434
973pr3451c01,1,10255-1,Light Bluish Gray,1x MINI UPPER PART NO. 3451
973pr3490c01,1,10255-1,White,1x Torso Chef - 8 Front Buttons with Light Bluish Gray Wrinkles and Long Red Neckerchief on Front and Back Print - White Arms - Yellow Hands
973pr6176783c01,1,10255-1,White,1x Torso Lab Coat with Pocket with Dentist Mirror and Pick and Gold Tooth Pattern / White Arms / White Hands
98100,1,10255-1,Black,1x Brick Round 2 x 2 Truncated Cone
98138,1,10255-1,Trans-Red,1x Tile Round 1 x 1
98138,1,10255-1,White,1x Tile Round 1 x 1
98138,1,10255-1,White,1x Tile Round 1 x 1
98138,2,10255-1,Trans-Clear,2x Tile Round 1 x 1
98138,1,10255-1,Pearl Gold,1x Tile Round 1 x 1
98138,1,10255-1,Trans-Light Blue,1x Tile Round 1 x 1
98138,1,10255-1,Trans-Red,1x Tile Round 1 x 1
98138,1,10255-1,Reddish Brown,1x Tile Round 1 x 1
98138,2,10255-1,Reddish Brown,2x Tile Round 1 x 1
98138,1,10255-1,Trans-Light Blue,1x Tile Round 1 x 1
98138,5,10255-1,Light Bluish Gray,5x Tile Round 1 x 1
98138,1,10255-1,Trans-Clear,1x Tile Round 1 x 1
98138,6,10255-1,Pearl Gold,6x Tile Round 1 x 1
98138pr0012,2,10255-1,Flat Silver,2x Tile Round 1 x 1 with Gauge and Red Pointer Print
98138pr0012,2,10255-1,Flat Silver,2x Tile Round 1 x 1 with Gauge and Red Pointer Print
98138pr0013,2,10255-1,White,2x Tile Round 1 x 1 with Red Spiral Print
98138pr0013,1,10255-1,White,1x Tile Round 1 x 1 with Red Spiral Print
98138pr0022,2,10255-1,Medium Dark Flesh,2x Tile Round 1 x 1 with Doughnut with Dark Pink Frosting and Sprinkles Print
98138pr0022,1,10255-1,Medium Dark Flesh,1x Tile Round 1 x 1 with Doughnut with Dark Pink Frosting and Sprinkles Print
98138pr0050,6,10255-1,Tan,6x Tile Round 1 x 1 with Jam in Center Cookie Print
98138pr0050,1,10255-1,Tan,1x Tile Round 1 x 1 with Jam in Center Cookie Print
98283,2,10255-1,Light Bluish Gray,2x Brick Special 1 x 2 with Masonry Brick Profile
98283,2,10255-1,Dark Red,2x Brick Special 1 x 2 with Masonry Brick Profile
98283,6,10255-1,Medium Dark Flesh,6x Brick Special 1 x 2 with Masonry Brick Profile
98313,1,10255-1,White,1x Arm Mechanical [Thick Support]
98549,1,10255-1,White,1x Tile Special 2 x 2 with Bar and Stud with Stop Ring
99206,3,10255-1,Black,3x Plate Special 2 x 2 x 0.667 with Two Studs On Side and Two Raised
99206,2,10255-1,White,2x Plate Special 2 x 2 x 0.667 with Two Studs On Side and Two Raised
99207,3,10255-1,Light Bluish Gray,3x Bracket 1 x 2 - 2 x 2 Inverted
99207,5,10255-1,Black,5x Bracket 1 x 2 - 2 x 2 Inverted
99780,1,10255-1,White,1x Bracket 1 x 2 - 1 x 2 Inverted
99780,1,10255-1,Light Bluish Gray,1x Bracket 1 x 2 - 1 x 2 Inverted
99780,1,10255-1,Black,1x Bracket 1 x 2 - 1 x 2 Inverted
99930,1,10255-1,Dark Tan,1x Minifig Hair Smooth Combed Sideways
11211,1,10706-1,Dark Blue,1x Brick Special 1 x 2 with Studs on 1 Side
15535,1,10706-1,Orange,1x Tile 2 x 2 Round with Hole
15573,1,10706-1,Medium Blue,1x Plate Special 1 x 2 with 1 Stud with Groove and Inside Stud Holder (Jumper)
18674,1,10706-1,Medium Azure,1x Tile 2 x 2 Round with Center Stud
2456,1,10706-1,Medium Azure,1x Brick 2 x 6
3001,1,10706-1,Medium Blue,1x Brick 2 x 4
3003,1,10706-1,Dark Blue,1x Brick 2 x 2
3003,1,10706-1,Blue,1x Brick 2 x 2
3004,4,10706-1,Medium Azure,4x Brick 1 x 2
3004,6,10706-1,White,6x Brick 1 x 2
3004,4,10706-1,Medium Blue,4x Brick 1 x 2
3005,2,10706-1,Dark Blue,2x Brick 1 x 1
30165,1,10706-1,Dark Blue,1x Brick Curved 2 x 2 with Two Top Studs
3021,2,10706-1,Blue,2x Plate 2 x 3
3021,1,10706-1,Dark Blue,1x Plate 2 x 3
3039,8,10706-1,Blue,8x Slope 45° 2 x 2
3040b,2,10706-1,Dark Blue,2x Slope 45° 2 x 1 with Bottom Pin
3065,1,10706-1,Trans-Clear,1x Brick 1 x 2 without Bottom Tube
3065,2,10706-1,Trans-Dark Blue,2x Brick 1 x 2 without Bottom Tube
3660,1,10706-1,White,"1x Slope Inverted 45° 2 x 2 [Ovoid Bottom Pin, Bar-sized Stud Holes]"
3665,2,10706-1,Medium Blue,2x Slope Inverted 45° 2 x 1
3665,2,10706-1,Blue,2x Slope Inverted 45° 2 x 1
3795,2,10706-1,Blue,2x Plate 2 x 6
3795,1,10706-1,Dark Bluish Gray,1x Plate 2 x 6
3795,1,10706-1,Medium Blue,1x Plate 2 x 6
4600,3,10706-1,Black,3x Plate Special 2 x 2 with Wheel Holders
4740,1,10706-1,Trans-Dark Blue,1x Dish 2 x 2 Inverted [Radar]
4740,1,10706-1,Dark Bluish Gray,1x Dish 2 x 2 Inverted [Radar]
4871,1,10706-1,Blue,1x Slope Inverted 45° 4 x 2 Double
50950,2,10706-1,Blue,2x Slope Curved 3 x 1 No Studs
59900,1,10706-1,Trans-Dark Blue,1x Cone 1 x 1 [Top Groove]
59900,1,10706-1,Yellow,1x Cone 1 x 1 [Top Groove]
60594,1,10706-1,Blue,1x Window 1 x 4 x 3 without Shutter Tabs
60608,2,10706-1,Yellow,2x Window 1 x 2 x 3 Pane with Thick Corner Tabs
6091,2,10706-1,Blue,2x Brick Curved 1 x 2 x 1 1/3 with Curved Top
87087,4,10706-1,Blue,4x Brick Special 1 x 1 with Stud on 1 Side
93273,1,10706-1,Blue,1x Slope Curved 4 x 1 Double No Studs
93594,6,10706-1,Flat Silver,6x Wheel 11 x 6 with Smooth Hubcap
98138pr0026,2,10706-1,White,2x Tile Round 1 x 1 with Black Eye Closed with Eyelashes Print
98138pr0026,1,10706-1,White,1x Tile Round 1 x 1 with Black Eye Closed with Eyelashes Print
10314,2,10704-1,Magenta,"2x Brick 1 x 4 x 1 1/3 No Studs, Curved Top, with Raised Inside Support"
11153,2,10704-1,Bright Light Orange,2x Slope Curved 4 x 1 No Studs [Stud Holder with Symmetric Ridges]
11211,4,10704-1,Red,4x Brick Special 1 x 2 with Studs on 1 Side
11211,4,10704-1,White,4x Brick Special 1 x 2 with Studs on 1 Side
11477,4,10704-1,Medium Lavender,4x Slope Curved 2 x 1 No Studs [1/2 Bow]
11477,4,10704-1,Bright Light Yellow,4x Slope Curved 2 x 1 No Studs [1/2 Bow]
13564,2,10704-1,White,2x Cattle Horn - Long
14716,2,10704-1,White,2x Brick 1 x 1 x 3
14769,4,10704-1,Dark Green,4x Tile Round 2 x 2 with Bottom Stud Holder
14769,2,10704-1,Reddish Brown,2x Tile Round 2 x 2 with Bottom Stud Holder
14769,2,10704-1,Dark Purple,2x Tile Round 2 x 2 with Bottom Stud Holder
15068,2,10704-1,Yellow,2x Slope Curved 2 x 2 x 2/3
15068,4,10704-1,Red,4x Slope Curved 2 x 2 x 2/3
15068,2,10704-1,Tan,2x Slope Curved 2 x 2 x 2/3
15207,2,10704-1,Reddish Brown,2x Panel 1 x 4 x 1 with Rounded Corners [Thin Wall]
15207,4,10704-1,Lime,4x Panel 1 x 4 x 1 with Rounded Corners [Thin Wall]
15571,2,10704-1,White,2x Slope 45° 2 x 1 Triple with Inside Stud Holder
15573,4,10704-1,Dark Purple,4x Plate Special 1 x 2 with 1 Stud with Groove and Inside Stud Holder (Jumper)
15573,4,10704-1,Tan,4x Plate Special 1 x 2 with 1 Stud with Groove and Inside Stud Holder (Jumper)
15573,4,10704-1,Magenta,4x Plate Special 1 x 2 with 1 Stud with Groove and Inside Stud Holder (Jumper)
15573,4,10704-1,Bright Light Orange,4x Plate Special 1 x 2 with 1 Stud with Groove and Inside Stud Holder (Jumper)
15672,2,10704-1,Dark Tan,2x Slope 45° 2 x 1 with 2/3 Cutout [New Version]
15672,2,10704-1,Lime,2x Slope 45° 2 x 1 with 2/3 Cutout [New Version]
15712,2,10704-1,Red,2x Tile Special 1 x 1 with Clip with Rounded Edges
18653,4,10704-1,Bright Light Orange,4x Brick 1x3x2 w. inside bow
18653,4,10704-1,Dark Blue,4x Brick 1x3x2 w. inside bow
22885,4,10704-1,Dark Pink,4x Brick Special 1 x 2 x 1 2/3 with four studs on one side
2412b,2,10704-1,Flat Silver,2x Tile Special 1 x 2 Grille with Bottom Groove
2431,4,10704-1,Light Bluish Gray,4x Tile 1 x 4 with Groove
2432,4,10704-1,Dark Bluish Gray,4x Tile Special 1 x 2 with Handle
2445,1,10704-1,Dark Red,1x Plate 2 x 12
2449,4,10704-1,Reddish Brown,4x Slope Inverted 75° 2 x 1 x 3
2449,4,10704-1,White,4x Slope Inverted 75° 2 x 1 x 3
2456,2,10704-1,Dark Red,2x Brick 2 x 6
2456,2,10704-1,Yellow,2x Brick 2 x 6
2456,2,10704-1,Bright Green,2x Brick 2 x 6
2877,4,10704-1,Reddish Brown,4x Brick Special 1 x 2 with Grill
2926,2,10704-1,Black,2x Plate Special 1 x 4 with Wheels Holder
298c02,2,10704-1,Light Bluish Gray,2x Lever Small Base with Black Lever
3001,4,10704-1,Dark Purple,4x Brick 2 x 4
3001,4,10704-1,Blue,4x Brick 2 x 4
3001,4,10704-1,Medium Azure,4x Brick 2 x 4
3001,4,10704-1,Lime,4x Brick 2 x 4
3001,4,10704-1,Medium Lavender,4x Brick 2 x 4
3001,4,10704-1,Dark Red,4x Brick 2 x 4
3001,4,10704-1,Reddish Brown,4x Brick 2 x 4
3001,4,10704-1,Green,4x Brick 2 x 4
3001,4,10704-1,Light Bluish Gray,4x Brick 2 x 4
3001,4,10704-1,Tan,4x Brick 2 x 4
3001,8,10704-1,Red,8x Brick 2 x 4
3001,4,10704-1,Orange,4x Brick 2 x 4
3001,4,10704-1,Black,4x Brick 2 x 4
3002,4,10704-1,Yellow,4x Brick 2 x 3
3002,4,10704-1,Blue,4x Brick 2 x 3
3002,4,10704-1,Green,4x Brick 2 x 3
3003,4,10704-1,Lime,4x Brick 2 x 2
3003,4,10704-1,Tan,4x Brick 2 x 2
3003,4,10704-1,Red,4x Brick 2 x 2
3003,4,10704-1,Yellow,4x Brick 2 x 2
3003,4,10704-1,Orange,4x Brick 2 x 2
3003,4,10704-1,Bright Pink,4x Brick 2 x 2
3003,4,10704-1,Blue,4x Brick 2 x 2
3003,4,10704-1,White,4x Brick 2 x 2
3003,4,10704-1,Light Bluish Gray,4x Brick 2 x 2
3004,4,10704-1,Medium Lavender,4x Brick 1 x 2
3004,4,10704-1,Dark Bluish Gray,4x Brick 1 x 2
3004,4,10704-1,Bright Light Yellow,4x Brick 1 x 2
3004,8,10704-1,Yellow,8x Brick 1 x 2
3004,4,10704-1,Lime,4x Brick 1 x 2
3004,4,10704-1,Medium Dark Flesh,4x Brick 1 x 2
3004,4,10704-1,Medium Azure,4x Brick 1 x 2
3004,4,10704-1,Bright Pink,4x Brick 1 x 2
3004,4,10704-1,Dark Green,4x Brick 1 x 2
3004,4,10704-1,Tan,4x Brick 1 x 2
3004,4,10704-1,Dark Blue,4x Brick 1 x 2
3004,4,10704-1,Black,4x Brick 1 x 2
30044,1,10704-1,Reddish Brown,1x Window 1 x 2 x 2 2/3 with Rounded Top
3005,4,10704-1,Dark Pink,4x Brick 1 x 1
3005,4,10704-1,Red,4x Brick 1 x 1
3005,4,10704-1,Black,4x Brick 1 x 1
3005,4,10704-1,Yellowish Green,4x Brick 1 x 1
3005,4,10704-1,Dark Purple,4x Brick 1 x 1
3005,4,10704-1,Green,4x Brick 1 x 1
3005,4,10704-1,Blue,4x Brick 1 x 1
3005,4,10704-1,White,4x Brick 1 x 1
3005,4,10704-1,Medium Blue,4x Brick 1 x 1
3005,4,10704-1,Trans-Purple,4x Brick 1 x 1
3009,2,10704-1,Medium Azure,2x Brick 1 x 6
3009,2,10704-1,Orange,2x Brick 1 x 6
3010,4,10704-1,Lime,4x Brick 1 x 4
3010,4,10704-1,Green,4x Brick 1 x 4
3010,4,10704-1,Medium Lavender,4x Brick 1 x 4
3010,4,10704-1,Dark Pink,4x Brick 1 x 4
30136,4,10704-1,Medium Dark Flesh,4x Brick Special 1 x 2 Palisade [aka Log]
30136,4,10704-1,Lavender,4x Brick Special 1 x 2 Palisade [aka Log]
30137,4,10704-1,Bright Pink,4x Brick Special 1 x 4 Palisade [aka Log]
30137,4,10704-1,Medium Dark Flesh,4x Brick Special 1 x 4 Palisade [aka Log]
30165,4,10704-1,Dark Purple,4x Brick Curved 2 x 2 with Two Top Studs
3020,2,10704-1,Dark Blue,2x Plate 2 x 4
3020,4,10704-1,Magenta,4x Plate 2 x 4
3020,4,10704-1,Bright Light Orange,4x Plate 2 x 4
3020,4,10704-1,Black,4x Plate 2 x 4
3020,4,10704-1,Medium Blue,4x Plate 2 x 4
3020,4,10704-1,Tan,4x Plate 2 x 4
3020,4,10704-1,Medium Lavender,4x Plate 2 x 4
3021,4,10704-1,Orange,4x Plate 2 x 3
3021,4,10704-1,White,4x Plate 2 x 3
3022,6,10704-1,Red,6x Plate 2 x 2
3022,4,10704-1,Green,4x Plate 2 x 2
3022,4,10704-1,Dark Bluish Gray,4x Plate 2 x 2
3022,4,10704-1,Medium Azure,4x Plate 2 x 2
3023,4,10704-1,Dark Blue,4x Plate 1 x 2
3023,4,10704-1,Orange,4x Plate 1 x 2
3023,4,10704-1,Light Bluish Gray,4x Plate 1 x 2
3023,4,10704-1,Lime,4x Plate 1 x 2
3023,4,10704-1,Trans-Clear,4x Plate 1 x 2
3029,1,10704-1,White,1x Plate 4 x 12
3030,1,10704-1,Dark Bluish Gray,1x Plate 4 x 10
3032,1,10704-1,Tan,1x Plate 4 x 6
3034,1,10704-1,Blue,1x Plate 2 x 8
3034,2,10704-1,Yellow,2x Plate 2 x 8
3034,2,10704-1,Tan,2x Plate 2 x 8
3034,1,10704-1,Reddish Brown,1x Plate 2 x 8
3035,1,10704-1,Green,1x Plate 4 x 8
3037,4,10704-1,Medium Lavender,4x Slope 45° 2 x 4
3037,2,10704-1,Green,2x Slope 45° 2 x 4
3039,10,10704-1,White,10x Slope 45° 2 x 2
3039,4,10704-1,Red,4x Slope 45° 2 x 2
3039,4,10704-1,Dark Tan,4x Slope 45° 2 x 2
3039,4,10704-1,Yellow,4x Slope 45° 2 x 2
3039,4,10704-1,Dark Bluish Gray,4x Slope 45° 2 x 2
3039,4,10704-1,Magenta,4x Slope 45° 2 x 2
3039,4,10704-1,Trans-Clear,4x Slope 45° 2 x 2
3039,4,10704-1,Medium Azure,4x Slope 45° 2 x 2
3040b,4,10704-1,Medium Blue,4x Slope 45° 2 x 1 with Bottom Pin
3040b,4,10704-1,White,4x Slope 45° 2 x 1 with Bottom Pin
3040b,4,10704-1,Green,4x Slope 45° 2 x 1 with Bottom Pin
3040b,4,10704-1,Yellow,4x Slope 45° 2 x 1 with Bottom Pin
3040b,4,10704-1,Dark Bluish Gray,4x Slope 45° 2 x 1 with Bottom Pin
3040b,4,10704-1,Bright Pink,4x Slope 45° 2 x 1 with Bottom Pin
3045,2,10704-1,White,2x Slope 45° 2 x 2 Double Convex
3062b,4,10704-1,Medium Azure,4x Brick Round 1 x 1 Open Stud
3062b,8,10704-1,Dark Brown,8x Brick Round 1 x 1 Open Stud
3062b,4,10704-1,Trans-Green,4x Brick Round 1 x 1 Open Stud
3062b,4,10704-1,Magenta,4x Brick Round 1 x 1 Open Stud
3062b,8,10704-1,Light Bluish Gray,8x Brick Round 1 x 1 Open Stud
3062b,4,10704-1,Trans-Red,4x Brick Round 1 x 1 Open Stud
3065,4,10704-1,Trans-Yellow,4x Brick 1 x 2 without Bottom Tube
3065,4,10704-1,Trans-Light Blue,4x Brick 1 x 2 without Bottom Tube
3065,4,10704-1,Trans-Red,4x Brick 1 x 2 without Bottom Tube
3069b,4,10704-1,Bright Pink,4x Tile 1 x 2 with Groove
3245b,4,10704-1,Dark Bluish Gray,4x Brick 1 x 2 x 2 with Inside Axle Holder
3245b,2,10704-1,Light Bluish Gray,2x Brick 1 x 2 x 2 with Inside Axle Holder
3245c,4,10704-1,Orange,4x Brick 1 x 2 x 2 with Inside Stud Holder
3298,4,10704-1,Blue,4x Slope 33° 3 x 2
33243,2,10704-1,Lavender,2x Brick 1 x 3 x 2 with Curved Top
33291,3,10704-1,Magenta,3x Plate Round 1 x 1 with Flower Edge [4 Petals]
33291,3,10704-1,Bright Green,3x Plate Round 1 x 1 with Flower Edge [4 Petals]
3622,4,10704-1,Light Bluish Gray,4x Brick 1 x 3
3622,4,10704-1,Yellowish Green,4x Brick 1 x 3
3622,4,10704-1,Medium Blue,4x Brick 1 x 3
3622,4,10704-1,Red,4x Brick 1 x 3
3623,4,10704-1,Blue,4x Plate 1 x 3
3623,4,10704-1,Dark Purple,4x Plate 1 x 3
3623,4,10704-1,Tan,4x Plate 1 x 3
3659,4,10704-1,Bright Pink,4x Brick Arch 1 x 4
3660,4,10704-1,Dark Green,"4x Slope Inverted 45° 2 x 2 [Ovoid Bottom Pin, Bar-sized Stud Holes]"
3660,4,10704-1,Bright Light Orange,"4x Slope Inverted 45° 2 x 2 [Ovoid Bottom Pin, Bar-sized Stud Holes]"
3660,8,10704-1,Dark Red,"8x Slope Inverted 45° 2 x 2 [Ovoid Bottom Pin, Bar-sized Stud Holes]"
3660,2,10704-1,Tan,"2x Slope Inverted 45° 2 x 2 [Ovoid Bottom Pin, Bar-sized Stud Holes]"
3665,4,10704-1,Lime,4x Slope Inverted 45° 2 x 1
3666,2,10704-1,Medium Lavender,2x Plate 1 x 6
3666,4,10704-1,Red,4x Plate 1 x 6
3666,2,10704-1,Blue,2x Plate 1 x 6
3666,2,10704-1,Dark Green,2x Plate 1 x 6
3710,2,10704-1,Medium Blue,2x Plate 1 x 4
3710,4,10704-1,Dark Green,4x Plate 1 x 4
3710,4,10704-1,Dark Red,4x Plate 1 x 4
3710,4,10704-1,Bright Pink,4x Plate 1 x 4
3710,2,10704-1,Magenta,2x Plate 1 x 4
3747a,4,10704-1,Blue,4x Slope Inverted 33° 3 x 2 [No Connections between Studs]
3795,2,10704-1,Medium Blue,2x Plate 2 x 6
3795,2,10704-1,Dark Red,2x Plate 2 x 6
3832,1,10704-1,Dark Bluish Gray,1x Plate 2 x 10
3941,4,10704-1,Lime,4x Brick Round 2 x 2 with Axle Hole
3941,4,10704-1,Red,4x Brick Round 2 x 2 with Axle Hole
3941,4,10704-1,Tan,4x Brick Round 2 x 2 with Axle Hole
3957a,2,10704-1,Black,2x Antenna 1 x 4 with Rounded Top
4081b,4,10704-1,Red,4x Plate Special 1 x 1 with Clip Light [Thick Ring]
42023,2,10704-1,Yellow,2x Slope Curved 6 x 1 Inverted
4286,4,10704-1,Black,4x Slope 33° 3 x 1
4286,4,10704-1,Dark Tan,4x Slope 33° 3 x 1
4286,4,10704-1,Green,4x Slope 33° 3 x 1
4460b,2,10704-1,Light Aqua,2x Slope 75° 2 x 1 x 3 with Hollow Stud
4460b,2,10704-1,Dark Bluish Gray,2x Slope 75° 2 x 1 x 3 with Hollow Stud
4495b,1,10704-1,Red,1x Flag 4 x 1 Wave [First Wave Right]
4600,2,10704-1,Light Bluish Gray,2x Plate Special 2 x 2 with Wheel Holders
4600,2,10704-1,Black,2x Plate Special 2 x 2 with Wheel Holders
4624,4,10704-1,Light Bluish Gray,4x Wheel 8 x 6
47905,2,10704-1,Light Bluish Gray,2x Brick Special 1 x 1 with Studs on 2 Sides
48092,2,10704-1,Bright Light Orange,2x Brick Round Corner 4 x 4 Macaroni Wide with 3 Studs
48336,2,10704-1,Red,2x Plate Special 1 x 2 [Side Handle Closed Ends]
4865b,4,10704-1,Medium Azure,4x Panel 1 x 2 x 1 [Rounded Corners]
4871,2,10704-1,Tan,2x Slope Inverted 45° 4 x 2 Double
4871,2,10704-1,Red,2x Slope Inverted 45° 4 x 2 Double
50950,2,10704-1,Dark Blue,2x Slope Curved 3 x 1 No Studs
50950,4,10704-1,Orange,4x Slope Curved 3 x 1 No Studs
51739,4,10704-1,Dark Red,4x Wedge Plate 2 x 4
53451,2,10704-1,Pearl Gold,2x Barb Small (Helmet Horn)
54200,2,10704-1,Black,2x Slope 30° 1 x 1 x 2/3 (Cheese Slope)
59900,4,10704-1,White,4x Cone 1 x 1 [Top Groove]
59900,2,10704-1,Dark Bluish Gray,2x Cone 1 x 1 [Top Groove]
59900,4,10704-1,Blue,4x Cone 1 x 1 [Top Groove]
6005,4,10704-1,Green,4x Brick Arch 1 x 3 x 2 Curved Top
6014b,4,10704-1,Light Bluish Gray,4x Wheel 11 x 12 with Hole Notched for Wheels Holder Pin
60470a,2,10704-1,Red,2x Plate Special 1 x 2 with Clips Horizontal [Thick U-Clips]
60481,4,10704-1,Light Bluish Gray,4x Slope 65° 2 x 1 x 2
60481,4,10704-1,Black,4x Slope 65° 2 x 1 x 2
60481,4,10704-1,Light Aqua,4x Slope 65° 2 x 1 x 2
60592,2,10704-1,Reddish Brown,2x Window 1 x 2 x 2 Flat Front
60594,1,10704-1,Black,1x Window 1 x 4 x 3 without Shutter Tabs
60594,2,10704-1,White,2x Window 1 x 4 x 3 without Shutter Tabs
60596,1,10704-1,Yellow,1x Door Frame 1 x 4 x 6 Type 2
60601,2,10704-1,Trans-Clear,2x Glass for Window 1 x 2 x 2 Flat
60603,1,10704-1,Trans-Purple,1x Glass for Window 1 x 4 x 3 - Opening
60608,4,10704-1,Green,4x Window 1 x 2 x 3 Pane with Thick Corner Tabs
60623,1,10704-1,Green,1x Door 1 x 4 x 6 with 4 Panes and Stud Handle
6091,4,10704-1,Bright Light Yellow,4x Brick Curved 1 x 2 x 1 1/3 with Curved Top
6091,4,10704-1,Dark Red,4x Brick Curved 1 x 2 x 1 1/3 with Curved Top
6091,4,10704-1,Medium Azure,4x Brick Curved 1 x 2 x 1 1/3 with Curved Top
6111,2,10704-1,Dark Bluish Gray,2x Brick 1 x 10
6141,3,10704-1,Blue,3x Plate Round 1 x 1 with Solid Stud
6141,3,10704-1,Yellow,3x Plate Round 1 x 1 with Solid Stud
6141,3,10704-1,Flat Silver,3x Plate Round 1 x 1 with Solid Stud
6141,3,10704-1,Tan,3x Plate Round 1 x 1 with Solid Stud
6141,6,10704-1,White,6x Plate Round 1 x 1 with Solid Stud
6182,4,10704-1,Medium Dark Flesh,4x Brick Arch 1 x 4 x 2
6182,2,10704-1,Light Bluish Gray,2x Brick Arch 1 x 4 x 2
6183,2,10704-1,Reddish Brown,2x Brick Arch 1 x 6 x 2 Curved Top
6215,4,10704-1,Yellow,4x Brick Curved 2 x 3 with Curved Top
6215,3,10704-1,Medium Azure,3x Brick Curved 2 x 3 with Curved Top
85984,4,10704-1,Bright Light Orange,4x Slope 30° 1 x 2 x 2/3
85984,2,10704-1,Black,2x Slope 30° 1 x 2 x 2/3
87079,3,10704-1,Green,3x Tile 2 x 4 with Groove
87087,2,10704-1,Tan,2x Brick Special 1 x 1 with Stud on 1 Side
87087,4,10704-1,Yellow,4x Brick Special 1 x 1 with Stud on 1 Side
87087,4,10704-1,Reddish Brown,4x Brick Special 1 x 1 with Stud on 1 Side
87414,4,10704-1,Black,4x Tyre Offset Tread Small with Band around Center of Tread
87580,4,10704-1,Orange,4x Plate Special 2 x 2 with Groove and Center Stud (Jumper)
87697,4,10704-1,Black,4x Tyre 21 x 12 with Offset Tread Small Wide and Center Band
88930,2,10704-1,Lavender,2x Slope Curved 2 x 4 x 2/3 No Studs [Bottom Tubes]
90194,2,10704-1,Red,2x Wedge Plate 3 x 4 with Stud Notches [Reinforced Underside]
92099,1,10704-1,Dark Bluish Gray,1x Plate Special 4 x 6 with Trap Door Hinge [Long Pins]
92409,4,10704-1,Black,4x Tyre 17.5 x 6 with Shallow Staggered Treads and Middle Band
93273,4,10704-1,Dark Bluish Gray,4x Slope Curved 4 x 1 Double No Studs
93273,4,10704-1,Blue,4x Slope Curved 4 x 1 Double No Studs
93273,4,10704-1,Dark Pink,4x Slope Curved 4 x 1 Double No Studs
93274,1,10704-1,Dark Bluish Gray,1x Bracket 1 x 2 - 2 x 4
93595,4,10704-1,Black,4x Wheel 11 x 6 with 8 'Y' Spokes [Plain]
94161,1,10704-1,Reddish Brown,1x Window 1 x 2 x 2 2/3 Shutter with Rounded Top
96874,1,10704-1,Orange,1x Brick and Axle Separator v2.0
98138,2,10704-1,Trans-Yellow,2x Tile Round 1 x 1
98138pr0008,4,10704-1,White,4x Tile Round 1 x 1 with Offset Eye Print
98138pr0026,3,10704-1,White,3x Tile Round 1 x 1 with Black Eye Closed with Eyelashes Print
98138pr0027,3,10704-1,White,3x Tile Round 1 x 1 with Black Eye with Pupil Partially Closed Print
11055,1,10703-1,Yellow,1x Flag 2 x 2 Square [Thick Clips]
14413,2,10703-1,White,2x Facet 4 x 4
14716,4,10703-1,Red,4x Brick 1 x 1 x 3
15254,2,10703-1,Light Bluish Gray,2x Brick Arch 1 x 6 x 2 - Thin Top without Reinforced Underside [New Version]
15254,1,10703-1,White,1x Brick Arch 1 x 6 x 2 - Thin Top without Reinforced Underside [New Version]
15332,1,10703-1,Pearl Gold,1x Fence Spindled 1 x 4 x 2 [4 Top Studs]
20309,1,10703-1,Tan,1x Window 1 x 4 x 1 2/3 with Spoked Rounded Top
2419,2,10703-1,Blue,2x Wedge Plate 3 x 6 Cut Corners
2431,4,10703-1,Reddish Brown,4x Tile 1 x 4 with Groove
2431,4,10703-1,White,4x Tile 1 x 4 with Groove
2432,2,10703-1,Dark Bluish Gray,2x Tile Special 1 x 2 with Handle
2453b,2,10703-1,Bright Pink,2x Brick 1 x 1 x 5 with Solid Stud
2454a,4,10703-1,Light Bluish Gray,4x Brick 1 x 2 x 5 with Blocked Open Studs and Bottom Stud Holder with Asymmetric Ridges
2454b,2,10703-1,Medium Lavender,2x Brick 1 x 2 x 5 with Hollow Studs and Bottom Stud Holder with Symmetric Ridges
2462,4,10703-1,Light Bluish Gray,4x Facet 3 x 3
26597,2,10703-1,Light Bluish Gray,2x Brick Special 1 x 2 with Vertical Closed Handle End
28327,2,10703-1,White,2x Door Frame 4 x 4 x 6 Corner
2877,4,10703-1,White,4x Brick Special 1 x 2 with Grill
3001,4,10703-1,White,4x Brick 2 x 4
3001,2,10703-1,Bright Pink,2x Brick 2 x 4
3001,3,10703-1,Blue,3x Brick 2 x 4
3001,2,10703-1,Green,2x Brick 2 x 4
3001,4,10703-1,Red,4x Brick 2 x 4
3001,4,10703-1,Dark Purple,4x Brick 2 x 4
3002,2,10703-1,Lime,2x Brick 2 x 3
3002,2,10703-1,Reddish Brown,2x Brick 2 x 3
3003,4,10703-1,Orange,4x Brick 2 x 2
3003,4,10703-1,Reddish Brown,4x Brick 2 x 2
3004,19,10703-1,Yellow,19x Brick 1 x 2
3004,4,10703-1,Dark Blue,4x Brick 1 x 2
3004,4,10703-1,Yellowish Green,4x Brick 1 x 2
3004,4,10703-1,Medium Dark Flesh,4x Brick 1 x 2
3004,2,10703-1,Orange,2x Brick 1 x 2
3004,4,10703-1,Dark Azure,4x Brick 1 x 2
3004,3,10703-1,Bright Pink,3x Brick 1 x 2
30044,2,10703-1,Dark Green,2x Window 1 x 2 x 2 2/3 with Rounded Top
30046,2,10703-1,Black,2x Window 1 x 2 x 2 2/3 Pane Lattice Diamond with Rounded Top
3005,9,10703-1,Yellow,9x Brick 1 x 1
3005,4,10703-1,Dark Blue,4x Brick 1 x 1
3005,6,10703-1,Bright Pink,6x Brick 1 x 1
3005,2,10703-1,Sand Green,2x Brick 1 x 1
3005,10,10703-1,Lime,10x Brick 1 x 1
3008,5,10703-1,Yellow,5x Brick 1 x 8
3010,10,10703-1,Bright Pink,10x Brick 1 x 4
3010,4,10703-1,Dark Green,4x Brick 1 x 4
3010,10,10703-1,Medium Lavender,10x Brick 1 x 4
3010,4,10703-1,Magenta,4x Brick 1 x 4
3010,4,10703-1,Bright Light Yellow,4x Brick 1 x 4
30136,4,10703-1,Lavender,4x Brick Special 1 x 2 Palisade [aka Log]
30165,2,10703-1,Dark Blue,2x Brick Curved 2 x 2 with Two Top Studs
3020,3,10703-1,White,3x Plate 2 x 4
3020,2,10703-1,Tan,2x Plate 2 x 4
3020,2,10703-1,Bright Light Blue,2x Plate 2 x 4
3022,2,10703-1,White,2x Plate 2 x 2
3023,4,10703-1,White,4x Plate 1 x 2
30236,3,10703-1,White,3x Brick Special 1 x 2 with Handle
3027,1,10703-1,Lime,1x Plate 6 x 16
3028,1,10703-1,Reddish Brown,1x Plate 6 x 12
3029,1,10703-1,Medium Azure,1x Plate 4 x 12
3029,2,10703-1,Green,2x Plate 4 x 12
3029,1,10703-1,White,1x Plate 4 x 12
3029,1,10703-1,Dark Bluish Gray,1x Plate 4 x 12
3029,1,10703-1,Black,1x Plate 4 x 12
3037,17,10703-1,Red,17x Slope 45° 2 x 4
3039,2,10703-1,Trans-Light Blue,2x Slope 45° 2 x 2
3039,6,10703-1,Black,6x Slope 45° 2 x 2
3039,4,10703-1,Red,4x Slope 45° 2 x 2
3040b,2,10703-1,Red,2x Slope 45° 2 x 1 with Bottom Pin
3045,2,10703-1,Black,2x Slope 45° 2 x 2 Double Convex
30505,4,10703-1,Black,4x Wedge 3 x 3 Cut Corner
3062b,4,10703-1,Red,4x Brick Round 1 x 1 Open Stud
3062b,4,10703-1,Reddish Brown,4x Brick Round 1 x 1 Open Stud
3062b,2,10703-1,Lime,2x Brick Round 1 x 1 Open Stud
3065,4,10703-1,Trans-Green,4x Brick 1 x 2 without Bottom Tube
3065,2,10703-1,Trans-Light Blue,2x Brick 1 x 2 without Bottom Tube
3065,4,10703-1,Trans-Dark Pink,4x Brick 1 x 2 without Bottom Tube
3069b,4,10703-1,Bright Light Orange,4x Tile 1 x 2 with Groove
3069b,2,10703-1,White,2x Tile 1 x 2 with Groove
3245b,4,10703-1,White,4x Brick 1 x 2 x 2 with Inside Axle Holder
3245c,6,10703-1,Blue,6x Brick 1 x 2 x 2 with Inside Stud Holder
3245c,4,10703-1,Bright Green,4x Brick 1 x 2 x 2 with Inside Stud Holder
33243,2,10703-1,Lime,2x Brick 1 x 3 x 2 with Curved Top
33243,4,10703-1,Dark Orange,4x Brick 1 x 3 x 2 with Curved Top
33243,4,10703-1,Bright Light Orange,4x Brick 1 x 3 x 2 with Curved Top
33291,3,10703-1,Bright Light Blue,3x Plate Round 1 x 1 with Flower Edge [4 Petals]
33291,3,10703-1,Bright Green,3x Plate Round 1 x 1 with Flower Edge [4 Petals]
33291,3,10703-1,Magenta,3x Plate Round 1 x 1 with Flower Edge [4 Petals]
33303,1,10703-1,White,1x Picket Fence 1 x 4 x 2
3622,20,10703-1,Yellow,20x Brick 1 x 3
3622,4,10703-1,Dark Pink,4x Brick 1 x 3
3659,2,10703-1,Dark Pink,2x Brick Arch 1 x 4
3660,2,10703-1,Light Bluish Gray,"2x Slope Inverted 45° 2 x 2 [Ovoid Bottom Pin, Bar-sized Stud Holes]"
3665,2,10703-1,Light Bluish Gray,2x Slope Inverted 45° 2 x 1
3675,4,10703-1,Sand Green,4x Slope 33° 3 x 3 Double Convex
3678b,4,10703-1,Blue,4x Slope 65° 2 x 2 x 2 with Bottom Tube
3710,2,10703-1,White,2x Plate 1 x 4
3710,3,10703-1,Dark Azure,3x Plate 1 x 4
3795,2,10703-1,Reddish Brown,2x Plate 2 x 6
3957a,1,10703-1,White,1x Antenna 1 x 4 with Rounded Top
3958,1,10703-1,Tan,1x Plate 6 x 6
41539,1,10703-1,Green,1x Plate 8 x 8
46212,4,10703-1,Trans-Light Blue,4x Brick 1 x 2 x 5 without Side Supports
4865b,2,10703-1,Lime,2x Panel 1 x 2 x 1 [Rounded Corners]
59900,4,10703-1,Trans-Light Blue,4x Cone 1 x 1 [Top Groove]
59900,2,10703-1,Yellow,2x Cone 1 x 1 [Top Groove]
59900,2,10703-1,Orange,2x Cone 1 x 1 [Top Groove]
60476,2,10703-1,White,2x Brick Special 1 x 1 with Clip Horizontal
60479,1,10703-1,Black,1x Plate 1 x 12
60583b,2,10703-1,Light Bluish Gray,"2x Brick Special 1 x 1 x 3 with 2 Clips Vertical [Hollow Stud, Open O Clips]"
60592,3,10703-1,Dark Blue,3x Window 1 x 2 x 2 Flat Front
60592,6,10703-1,Medium Azure,6x Window 1 x 2 x 2 Flat Front
60592,2,10703-1,Green,2x Window 1 x 2 x 2 Flat Front
60592,3,10703-1,Red,3x Window 1 x 2 x 2 Flat Front
60592,6,10703-1,White,6x Window 1 x 2 x 2 Flat Front
60593,4,10703-1,White,4x Window 1 x 2 x 3 Flat Front
60594,2,10703-1,White,2x Window 1 x 4 x 3 without Shutter Tabs
60596,1,10703-1,Yellow,1x Door Frame 1 x 4 x 6 Type 2
60596,1,10703-1,Bright Pink,1x Door Frame 1 x 4 x 6 Type 2
60596,1,10703-1,Dark Bluish Gray,1x Door Frame 1 x 4 x 6 Type 2
60598,2,10703-1,White,2x Window 2 x 4 x 3 Frame with Hollow Studs
60601,6,10703-1,Trans-Clear,6x Glass for Window 1 x 2 x 2 Flat
60601,6,10703-1,Trans-Light Blue,6x Glass for Window 1 x 2 x 2 Flat
60601,2,10703-1,Trans-Yellow,2x Glass for Window 1 x 2 x 2 Flat
60601,3,10703-1,White,3x Glass for Window 1 x 2 x 2 Flat
60602,4,10703-1,Trans-Clear,4x Glass for Window 1 x 2 x 3 Flat Front
60603,2,10703-1,Trans-Light Blue,2x Glass for Window 1 x 4 x 3 - Opening
60608,4,10703-1,Yellow,4x Window 1 x 2 x 3 Pane with Thick Corner Tabs
60616a,2,10703-1,Trans-Light Blue,2x Door  1 x  4 x  6 Smooth with Square Handle Plinth
60616a,1,10703-1,Trans-Clear,1x Door  1 x  4 x  6 Smooth with Square Handle Plinth
60623,1,10703-1,Medium Blue,1x Door 1 x 4 x 6 with 4 Panes and Stud Handle
6141,8,10703-1,Pearl Gold,8x Plate Round 1 x 1 with Solid Stud
6141,2,10703-1,Red,2x Plate Round 1 x 1 with Solid Stud
6141,2,10703-1,Blue,2x Plate Round 1 x 1 with Solid Stud
6182,2,10703-1,Light Bluish Gray,2x Brick Arch 1 x 4 x 2
6231,4,10703-1,Red,4x Panel 1 x 1 x 1 Corner
64799,2,10703-1,White,2x Plate Special 4 x 4 with 2 x 2 Cutout
87580,2,10703-1,Green,2x Plate Special 2 x 2 with Groove and Center Stud (Jumper)
87620,4,10703-1,Blue,4x Facet 2 x 2
87620,16,10703-1,Light Bluish Gray,16x Facet 2 x 2
92589,1,10703-1,Pearl Dark Gray,1x Door Grill 1 x 4 x 9
92950,4,10703-1,Tan,4x Brick Arch 1 x 6 Raised Arch
96874,1,10703-1,Orange,1x Brick and Axle Separator v2.0
98283,8,10703-1,Sand Green,8x Brick Special 1 x 2 with Masonry Brick Profile
11610,1,5004932,Tan,1x Ice Cream Cone
14769pr0004,1,5004932,Light Bluish Gray,1x Tile Round 2 x 2 with Bottom Stud Holder with Fine Mesh Grille Print
14769pr1040,1,5004932,White,1x Tile Round 2 x 2 with Bottom Stud Holder with Archery Target Print
15395,1,5004932,Black,1x Brick Round 2 x 2 Dome Bottom [Open Stud]
18746,1,5004932,Bright Light Orange,1x Minifig Snowboard Small
2432,1,5004932,Yellow,1x Tile Special 1 x 2 with Handle
2566,1,5004932,Black,1x Palm Tree Top
29161,2,5004932,Orange,2x Flipper
30089,1,5004932,Black,1x Minifig Camera Handheld with Right-Aligned Viewfinder
30090,1,5004932,Trans-Light Blue,1x Minifig Visor - Diver's Mask
3022,1,5004932,Tan,1x Plate 2 x 2
3023,1,5004932,Blue,1x Plate 1 x 2
33078,1,5004932,Red,1x Hot Dog / Sausage
3626cpr0001,1,5004932,Yellow,1x Minifig Head Standard Grin Print [Hollow Stud]
3795,1,5004932,White,1x Plate 2 x 6
3842b,1,5004932,Blue,1x Minifig Helmet Classic with Thick Chin Guard and Visor Dimples
3899,1,5004932,Red,1x Minifig Cup
3957b,1,5004932,White,1x Antenna 1 x 4 with Flat Top
3960,1,5004932,Bright Light Orange,1x Dish 4 x 4 Inverted [Radar]
4449,1,5004932,Reddish Brown,1x Minifig Briefcase
4495a,1,5004932,Red,1x Flag 4 x 1 Wave [First Wave Left]
54200,1,5004932,Tan,1x Slope 30° 1 x 1 x 2/3 (Cheese Slope)
54200,1,5004932,Tan,1x Slope 30° 1 x 1 x 2/3 (Cheese Slope)
6254,1,5004932,White,1x Ice Cream Scoops
64648,1,5004932,Flat Silver,1x Fish [Anti-Stud Mouth]
73983,1,5004932,Blue,1x Hinge Plate 1 x 4 Swivel Top / Base [Complete Assembly]
86035,1,5004932,Lime,1x Minifig Cap Short Curved Peak
87580,1,5004932,Black,1x Plate Special 2 x 2 with Groove and Center Stud (Jumper)
87618,1,5004932,Black,1x Bar 5L with Handle (Friction Ram)
87994,1,5004932,Light Bluish Gray,1x Bar 3L
88704,1,5004932,Black,1x Minifig Whip - Bent
95343,1,5004932,Reddish Brown,1x Bucket 1 x 1 x 1
95344,1,5004932,Dark Tan,1x Bucket 1 x 1 x 1 Handle
970c00,1,5004932,Medium Azure,1x Legs and Hips [Complete Assembly]
973pr1479c01,1,5004932,White,1x Torso Classic Space Minifig Floating Print / Green Arms / Yellow Hands
99784,1,5004932,Trans-Clear,1x Bar 1 x 12 with 1 x 2 Plate End with Hollow Studs and 1 x 1 Round Plate End
10201,1,10257-1,Black,1x Bracket 1 x 2 - 1 x 4 [Rounded Corners]
10201,18,10257-1,White,18x Bracket 1 x 2 - 1 x 4 [Rounded Corners]
10247,12,10257-1,Light Bluish Gray,12x Plate Special 2 x  2 with 1 Pin Hole [Complete Underside Rib]
10928,1,10257-1,Dark Bluish Gray,1x Technic Gear 8 Tooth [Reinforced]
11090,1,10257-1,Black,1x Bar Holder with Clip
11090,6,10257-1,White,6x Bar Holder with Clip
11090,1,10257-1,Dark Bluish Gray,1x Bar Holder with Clip
11090,8,10257-1,Pearl Gold,8x Bar Holder with Clip
11153,2,10257-1,Dark Bluish Gray,2x Slope Curved 4 x 1 No Studs [Stud Holder with Symmetric Ridges]
11153,2,10257-1,Orange,2x Slope Curved 4 x 1 No Studs [Stud Holder with Symmetric Ridges]
11211,6,10257-1,Red,6x Brick Special 1 x 2 with Studs on 1 Side
11211,8,10257-1,Light Bluish Gray,8x Brick Special 1 x 2 with Studs on 1 Side
11213,1,10257-1,Medium Azure,"1x Plate, Round 6 x 6 with Hole"
11303,1,10257-1,Dark Tan,1x Minifig Cap - Short Curved Bill with Seams and Hole on Top
11458,2,10257-1,Black,2x Plate Special 1 x 2 with Pin Hole on Top
11476,4,10257-1,White,4x Plate Special 1 x 2 with Clip Horizontal on Side
11476,4,10257-1,Light Bluish Gray,4x Plate Special 1 x 2 with Clip Horizontal on Side
11477,3,10257-1,Dark Bluish Gray,3x Slope Curved 2 x 1 No Studs [1/2 Bow]
11477,5,10257-1,Orange,5x Slope Curved 2 x 1 No Studs [1/2 Bow]
11610,1,10257-1,Tan,1x Ice Cream Cone
13564,1,10257-1,Dark Bluish Gray,1x Cattle Horn - Long
14181,8,10257-1,Medium Blue,8x Wedge Plate 4 x 9 with Stud Notches
14417,6,10257-1,Dark Bluish Gray,6x Plate Special 1 x 2 with 5.9mm Centre Side Ball
14418,2,10257-1,Light Bluish Gray,2x Plate Special 1 x 2 5.9mm End Cup
14704,6,10257-1,Light Bluish Gray,6x Plate Special 1 x 2 5.9mm Centre Side Cup
14718,6,10257-1,Tan,6x Panel 1 x 4 x 2 with Side Supports - Hollow Studs
14769,20,10257-1,White,20x Tile Round 2 x 2 with Bottom Stud Holder
15068,3,10257-1,Dark Bluish Gray,3x Slope Curved 2 x 2 x 2/3
15068,1,10257-1,Lime,1x Slope Curved 2 x 2 x 2/3
15068,8,10257-1,White,8x Slope Curved 2 x 2 x 2/3
15207,1,10257-1,Reddish Brown,1x Panel 1 x 4 x 1 with Rounded Corners [Thin Wall]
15456,6,10257-1,Black,6x Plate Special 2 x 2 with Towball and Hole
15461,4,10257-1,Black,4x Technic Pin Connector 3L with 2 Pins and Center Hole
15462,8,10257-1,Reddish Brown,8x Technic Axle 5 with Stop
15470,1,10257-1,Bright Pink,1x Plate Round 1 x 1 Swirled Top
15535,1,10257-1,Red,1x Tile 2 x 2 Round with Hole
15571,2,10257-1,White,2x Slope 45° 2 x 1 Triple with Inside Stud Holder
15573,12,10257-1,Light Bluish Gray,12x Plate Special 1 x 2 with 1 Stud with Groove and Inside Stud Holder (Jumper)
15573,1,10257-1,Red,1x Plate Special 1 x 2 with 1 Stud with Groove and Inside Stud Holder (Jumper)
15573,3,10257-1,Dark Bluish Gray,3x Plate Special 1 x 2 with 1 Stud with Groove and Inside Stud Holder (Jumper)
15573,24,10257-1,Dark Blue,24x Plate Special 1 x 2 with 1 Stud with Groove and Inside Stud Holder (Jumper)
15712,24,10257-1,White,24x Tile Special 1 x 1 with Clip with Rounded Edges
18575,1,10257-1,Tan,1x Technic Gear 20 Tooth Double Bevel with Axle Hole Type 1 [+ Opening]
18649,11,10257-1,Black,11x Plate Special 1 x 2 with Handles on Ends
18651,6,10257-1,Black,6x Technic Axle Pin 3L with Friction Ridges Lengthwise and 2L Axle
18654,1,10257-1,Reddish Brown,1x Technic Pin Connector Round 1L  [Beam]
18671,4,10257-1,Tan,4x Bracket 3 x 2 x 1 1/3
19121,6,10257-1,Pearl Gold,6x Fence Ornamented 1 x 4 x 2 with 4 Studs
21268,1,10257-1,Dark Bluish Gray,1x Minifig Hair Short Swept Back with Sideburns and Widow's Peak
23443,1,10257-1,Light Bluish Gray,1x 3.2 SHAFT W/3.2 HOLE
23948,7,10257-1,Light Bluish Gray,7x Technic Axle 11
24121,4,10257-1,Yellow,4x 1/4 CIRCLE GEAR RACK 11X11
2412b,3,10257-1,Light Bluish Gray,3x Tile Special 1 x 2 Grille with Bottom Groove
2420,1,10257-1,Magenta,1x Plate 2 x 2 Corner
2420,2,10257-1,White,2x Plate 2 x 2 Corner
2420,3,10257-1,Green,3x Plate 2 x 2 Corner
2420,2,10257-1,Lime,2x Plate 2 x 2 Corner
24201,4,10257-1,Black,4x Slope Curved 2 x 1 Inverted
2423,1,10257-1,Green,1x Leaves 4 x 3
2431,2,10257-1,Dark Bluish Gray,2x Tile 1 x 4 with Groove
2431,11,10257-1,White,11x Tile 1 x 4 with Groove
2432,1,10257-1,Tan,1x Tile Special 1 x 2 with Handle
2445,5,10257-1,White,5x Plate 2 x 12
2449,72,10257-1,Tan,72x Slope Inverted 75° 2 x 1 x 3
2454a,2,10257-1,Tan,2x Brick 1 x 2 x 5 with Blocked Open Studs and Bottom Stud Holder with Asymmetric Ridges
2456,5,10257-1,Tan,5x Brick 2 x 6
2458,1,10257-1,White,1x Brick Special 1 x 2 with Pin
2458,8,10257-1,Tan,8x Brick Special 1 x 2 with Pin
2460,2,10257-1,White,2x Tile Special 2 x 2 with Pin
25214,2,10257-1,White,2x Brick Round 1 x 1 diameter Tube with 90 Degree Elbow(2 x 2 x 1) and Axle Holes(Crossholes) at each end
25269,8,10257-1,Tan,8x 1/4 CIRCLE TILE 1X1
25269,8,10257-1,Orange,8x 1/4 CIRCLE TILE 1X1
25386,1,10257-1,Tan,1x BREAD BUN
2540,1,10257-1,Orange,1x Plate Special 1 x 2 Side Handle [Free Ends]
2540,16,10257-1,Medium Blue,16x Plate Special 1 x 2 Side Handle [Free Ends]
2540,1,10257-1,Dark Bluish Gray,1x Plate Special 1 x 2 Side Handle [Free Ends]
25516,6,10257-1,Pearl Gold,6x Long Minifigure Crown with Bar
26047,6,10257-1,White,6x Plate 1 x 1 Rounded with Handle
26047,6,10257-1,Black,6x Plate 1 x 1 Rounded with Handle
26287,6,10257-1,Light Bluish Gray,6x Technic Driving Ring Connector Smooth
2654,1,10257-1,White,1x Plate Round 2 x 2 with Rounded Bottom [Boat Stud]
26597,4,10257-1,White,4x Brick Special 1 x 2 with Vertical Closed Handle End
26604,2,10257-1,Tan,2x Brick Special 1 x 1 with Studs on 2 Adjacent Sides
26604,24,10257-1,Medium Blue,24x Brick Special 1 x 1 with Studs on 2 Adjacent Sides
2780,20,10257-1,Black,20x Technic Pin with Friction Ridges Lengthwise and Center Slots
2854,8,10257-1,Tan,8x Technic Engine Crankshaft Center
28809,2,10257-1,Light Bluish Gray,"2x PLATE 1x2 W. HORIZONTAL HOLE Ø4,85 REV."
28959,1,10257-1,Dark Pink,1x ELEPHANT TAIL/TRUNK
3001,2,10257-1,White,2x Brick 2 x 4
3001,18,10257-1,Tan,18x Brick 2 x 4
3001,9,10257-1,Reddish Brown,9x Brick 2 x 4
3001,8,10257-1,Light Bluish Gray,8x Brick 2 x 4
3001,1,10257-1,Dark Bluish Gray,1x Brick 2 x 4
3002,3,10257-1,Blue,3x Brick 2 x 3
3003,6,10257-1,Tan,6x Brick 2 x 2
3003,6,10257-1,White,6x Brick 2 x 2
3004,5,10257-1,White,5x Brick 1 x 2
3004,20,10257-1,Tan,20x Brick 1 x 2
3004,2,10257-1,Dark Bluish Gray,2x Brick 1 x 2
3004,1,10257-1,Green,1x Brick 1 x 2
3007,4,10257-1,Black,4x Brick 2 x 8
3008,12,10257-1,Tan,12x Brick 1 x 8
30089,1,10257-1,Black,1x Minifig Camera Handheld with Right-Aligned Viewfinder
3009,2,10257-1,Tan,2x Brick 1 x 6
3009,1,10257-1,White,1x Brick 1 x 6
3010,7,10257-1,White,7x Brick 1 x 4
3010,6,10257-1,Tan,6x Brick 1 x 4
30136,69,10257-1,Light Bluish Gray,69x Brick Special 1 x 2 Palisade [aka Log]
30157,4,10257-1,Reddish Brown,4x Plate Special 2 x 4 with Pins
3020,4,10257-1,Dark Bluish Gray,4x Plate 2 x 4
3020,27,10257-1,Tan,27x Plate 2 x 4
3020,1,10257-1,Dark Blue,1x Plate 2 x 4
3020,1,10257-1,Orange,1x Plate 2 x 4
3021,28,10257-1,Reddish Brown,28x Plate 2 x 3
3021,1,10257-1,Dark Bluish Gray,1x Plate 2 x 3
3021,1,10257-1,Black,1x Plate 2 x 3
3021,1,10257-1,Green,1x Plate 2 x 3
3022,1,10257-1,Orange,1x Plate 2 x 2
3022,13,10257-1,Dark Bluish Gray,13x Plate 2 x 2
3022,4,10257-1,Black,4x Plate 2 x 2
3022,39,10257-1,White,39x Plate 2 x 2
3022,40,10257-1,Red,40x Plate 2 x 2
30222,1,10257-1,Trans-Neon Green,1x Popsicle [aka Lollipop]
3023,1,10257-1,Black,1x Plate 1 x 2
3023,18,10257-1,Dark Bluish Gray,18x Plate 1 x 2
3023,5,10257-1,Orange,5x Plate 1 x 2
3023,13,10257-1,White,13x Plate 1 x 2
3023,8,10257-1,Green,8x Plate 1 x 2
3023,24,10257-1,Blue,24x Plate 1 x 2
3023,38,10257-1,Tan,38x Plate 1 x 2
3023,18,10257-1,Light Bluish Gray,18x Plate 1 x 2
30237b,12,10257-1,White,12x Brick Special 1 x 2 with Vertical Clip [Open O Clip]
3024,2,10257-1,Green,2x Plate 1 x 1
3024,14,10257-1,White,14x Plate 1 x 1
3024,4,10257-1,Black,4x Plate 1 x 1
3024,7,10257-1,Dark Bluish Gray,7x Plate 1 x 1
3031,1,10257-1,White,1x Plate 4 x 4
3031,2,10257-1,Dark Bluish Gray,2x Plate 4 x 4
3034,4,10257-1,Light Bluish Gray,4x Plate 2 x 8
3034,12,10257-1,Reddish Brown,12x Plate 2 x 8
3034,4,10257-1,White,4x Plate 2 x 8
3035,1,10257-1,Green,1x Plate 4 x 8
3036,12,10257-1,Green,12x Plate 6 x 8
30363,1,10257-1,Light Bluish Gray,1x Slope 18° 4 x 2
30374,5,10257-1,Light Bluish Gray,5x Bar 4L (Lightsaber Blade / Wand)
30374,8,10257-1,White,8x Bar 4L (Lightsaber Blade / Wand)
3039,3,10257-1,Dark Bluish Gray,3x Slope 45° 2 x 2
3039,1,10257-1,Light Bluish Gray,1x Slope 45° 2 x 2
3039pr62,1,10257-1,Light Bluish Gray,1x Slope 45° 2 x 2 with Red Cash Register and '+15' Print
3040b,2,10257-1,Orange,2x Slope 45° 2 x 1 with Bottom Pin
3040b,2,10257-1,Dark Blue,2x Slope 45° 2 x 1 with Bottom Pin
3040b,2,10257-1,Dark Bluish Gray,2x Slope 45° 2 x 1 with Bottom Pin
30414,1,10257-1,Black,1x Brick Special 1 x 4 with 4 Studs on One Side
3045,2,10257-1,Dark Blue,2x Slope 45° 2 x 2 Double Convex
30552,6,10257-1,Light Bluish Gray,6x Hinge Cylinder 1 x 2 Locking with 1 Finger and Axle Hole On Ends
30553,7,10257-1,White,7x Hinge Cylinder 1 x 2 Locking with 2 Click Fingers and Axle Hole
3062b,2,10257-1,Red,2x Brick Round 1 x 1 Open Stud
3062b,24,10257-1,Yellow,24x Brick Round 1 x 1 Open Stud
3062b,10,10257-1,White,10x Brick Round 1 x 1 Open Stud
3068b,1,10257-1,Tan,1x Tile 2 x 2 with Groove
3068b,6,10257-1,Dark Bluish Gray,6x Tile 2 x 2 with Groove
3068b,13,10257-1,Light Bluish Gray,13x Tile 2 x 2 with Groove
3068b,32,10257-1,Red,32x Tile 2 x 2 with Groove
3068bpr0342,12,10257-1,Dark Blue,12x TILE 2X2 with book print
3069b,1,10257-1,Dark Pink,1x Tile 1 x 2 with Groove
3069b,2,10257-1,Black,2x Tile 1 x 2 with Groove
3069b,1,10257-1,Tan,1x Tile 1 x 2 with Groove
3069b,40,10257-1,White,40x Tile 1 x 2 with Groove
3069b,3,10257-1,Orange,3x Tile 1 x 2 with Groove
3069bpr0198,2,10257-1,White,2x TILE 1X2 with ticket and 0937 print
3070b,2,10257-1,Tan,2x Tile 1 x 1 with Groove
3070b,1,10257-1,Dark Pink,1x Tile 1 x 1 with Groove
3070b,8,10257-1,Yellow,8x Tile 1 x 1 with Groove
31511,1,10257-1,Light Bluish Gray,1x WEAPON BARREL
3176,2,10257-1,Yellow,2x Plate Special 3 x 2 with Hole
32001,1,10257-1,Light Bluish Gray,1x Technic Plate 2 x 6 [5 Holes]
32028,4,10257-1,White,4x Plate Special 1 x 2 with Door Rail
32034,2,10257-1,Light Bluish Gray,2x Technic Axle and Pin Connector Angled #2 - 180°
32054,1,10257-1,Red,1x Technic Pin Long with Friction Ridges Lengthwise and Stop Bush
32062,13,10257-1,Red,13x Technic Axle 2 Notched
32064a,12,10257-1,Dark Bluish Gray,12x Technic Brick 1 x 2 with Axle Hole Type 1 [+ Opening] and Bottom Pin
32064a,1,10257-1,White,1x Technic Brick 1 x 2 with Axle Hole Type 1 [+ Opening] and Bottom Pin
32123b,20,10257-1,Yellow,20x Technic Bush 1/2 Smooth with Axle Hole Semi-Reduced
32125,4,10257-1,Light Bluish Gray,4x Technic Plate Rotor 3 Blade with Smooth Ends and 6 Studs (Propeller)
32140,2,10257-1,Lime,2x Technic Beam 2 x 4 L-Shape Thick
32184,4,10257-1,Light Bluish Gray,4x Technic Axle and Pin Connector Perpendicular 3L with Centre Pin Hole
32198,1,10257-1,Tan,1x Technic Gear 20 Tooth Bevel
32235,6,10257-1,White,6x Hose Soft Axle 19
32270,1,10257-1,Black,1x Technic Gear 12 Tooth Double Bevel
32498,1,10257-1,Black,1x Technic Gear 36 Tooth Double Bevel
32523,5,10257-1,Yellow,5x Technic Beam 1 x 3 Thick
32525,2,10257-1,White,2x Technic Beam 1 x 11 Thick
32532,6,10257-1,Black,6x Technic Brick 6 x 8 with Open Center 4 x 6
32939,6,10257-1,Yellow,6x Cloth Carousel Top Section 22 x 18 with Curved Sides and 2 Top Holes
3298,12,10257-1,Light Bluish Gray,12x Slope 33° 3 x 2
33078,1,10257-1,Red,1x Hot Dog / Sausage
33243,2,10257-1,Dark Bluish Gray,2x Brick 1 x 3 x 2 with Curved Top
33291,12,10257-1,Bright Green,12x Plate Round 1 x 1 with Flower Edge [4 Petals]
33291,12,10257-1,Dark Pink,12x Plate Round 1 x 1 with Flower Edge [4 Petals]
3460,6,10257-1,Blue,6x Plate 1 x 8
3460,2,10257-1,Dark Bluish Gray,2x Plate 1 x 8
3622,2,10257-1,Dark Bluish Gray,2x Brick 1 x 3
3623,1,10257-1,Orange,1x Plate 1 x 3
3626cpr1635,1,10257-1,Yellow,1x MINI HEAD NO. 1635
3626cpr1675,1,10257-1,Yellow,1x MINI HEAD NO. 1675
3626cpr1769,1,10257-1,Yellow,"1x Minifig Head Dual Sided Eyebrows, Crow's Feet, Open Mouth Smile / Queasy Face with Sweat Drop Print [Hollow Stud]"
3626cpr1776,1,10257-1,Yellow,1x MINI HEAD NO. 1776
3626cpr1786,1,10257-1,Yellow,1x MINI HEAD NO. 1786
3626cpr1964,1,10257-1,Yellow,1x MINI HEAD  NO. 1964
3626cpr1967,1,10257-1,Yellow,1x MINI HEAD  NO. 1967
3648b,2,10257-1,Dark Bluish Gray,2x Technic Gear 24 Tooth [New Style with Single Axle Hole]
3660,1,10257-1,Lime,"1x Slope Inverted 45° 2 x 2 [Ovoid Bottom Pin, Bar-sized Stud Holes]"
3660,1,10257-1,White,"1x Slope Inverted 45° 2 x 2 [Ovoid Bottom Pin, Bar-sized Stud Holes]"
3665,2,10257-1,White,2x Slope Inverted 45° 2 x 1
3665,1,10257-1,Dark Bluish Gray,1x Slope Inverted 45° 2 x 1
3666,4,10257-1,Light Bluish Gray,4x Plate 1 x 6
3666,2,10257-1,Dark Bluish Gray,2x Plate 1 x 6
3673,1,10257-1,Light Bluish Gray,1x Technic Pin without Friction Ridges Lengthwise
3700,20,10257-1,Tan,20x Technic Brick 1 x 2 [1 Hole]
3700,8,10257-1,Light Bluish Gray,8x Technic Brick 1 x 2 [1 Hole]
3701,3,10257-1,Light Bluish Gray,3x Technic Brick 1 x 4 [3 Holes]
3701,6,10257-1,Tan,6x Technic Brick 1 x 4 [3 Holes]
3702,3,10257-1,Light Bluish Gray,3x Technic Brick 1 x 8 [7 Holes]
3703,4,10257-1,Light Bluish Gray,4x Technic Brick 1 x 16 [15 Holes]
3705,8,10257-1,Black,8x Technic Axle 4
3706,1,10257-1,Black,1x Technic Axle 6
3707,1,10257-1,Black,1x Technic Axle 8
3709,1,10257-1,Light Bluish Gray,1x Technic Plate 2 x 4 [3 Holes]
3710,5,10257-1,Dark Bluish Gray,5x Plate 1 x 4
3710,2,10257-1,Yellow,2x Plate 1 x 4
3710,8,10257-1,Medium Blue,8x Plate 1 x 4
3710,6,10257-1,Tan,6x Plate 1 x 4
3710,14,10257-1,Blue,14x Plate 1 x 4
3710,6,10257-1,Green,6x Plate 1 x 4
3710,24,10257-1,White,24x Plate 1 x 4
3713,2,10257-1,Red,2x Technic Bush
3747a,1,10257-1,White,1x Slope Inverted 33° 3 x 2 [No Connections between Studs]
3749,7,10257-1,Tan,7x Technic Axle Pin without Friction Ridges Lengthwise
3794b,2,10257-1,White,2x Plate Special 1 x 2 with 1 Stud with Groove (Jumper)
3795,42,10257-1,Tan,42x Plate 2 x 6
3795,12,10257-1,White,12x Plate 2 x 6
3832,5,10257-1,Dark Bluish Gray,5x Plate 2 x 10
3832,2,10257-1,Light Bluish Gray,2x Plate 2 x 10
3839b,1,10257-1,Dark Bluish Gray,1x Plate Special 1 x 2 with Handles [Flat Ends / Low Attachment]
3895,2,10257-1,Black,2x Technic Brick 1 x 12 [11 Holes]
3937,16,10257-1,Red,16x Hinge Brick 1 x 2 Base
3957a,2,10257-1,White,2x Antenna 1 x 4 with Rounded Top
3957a,2,10257-1,Light Bluish Gray,2x Antenna 1 x 4 with Rounded Top
3960,1,10257-1,White,1x Dish 4 x 4 Inverted [Radar]
40379,4,10257-1,White,4x Dinosaur Tail End Section
40379,1,10257-1,Orange,1x Dinosaur Tail End Section
40379,48,10257-1,Medium Blue,48x Dinosaur Tail End Section
40490,3,10257-1,Black,3x Technic Beam 1 x 9 Thick
4070,4,10257-1,Orange,4x Brick Special 1 x 1 with Headlight and No Slot
4070,1,10257-1,Black,1x Brick Special 1 x 1 with Headlight and No Slot
4070,2,10257-1,White,2x Brick Special 1 x 1 with Headlight and No Slot
4081b,2,10257-1,Dark Bluish Gray,2x Plate Special 1 x 1 with Clip Light [Thick Ring]
4081b,2,10257-1,Lime,2x Plate Special 1 x 1 with Clip Light [Thick Ring]
4085c,2,10257-1,Dark Bluish Gray,2x Plate Special 1 x 1 with Clip Vertical [Thick U Clip]
4162,4,10257-1,Dark Bluish Gray,4x Tile 1 x 8 with Groove
41677,3,10257-1,White,3x Technic Beam 1 x 2 Thin
41770,2,10257-1,Dark Pink,2x Wedge Plate 4 x 2 Left
41879a,1,10257-1,Medium Lavender,1x Hips and Legs Short [without Hole]
41879a,1,10257-1,Green,1x Hips and Legs Short [without Hole]
41879a,1,10257-1,Dark Azure,1x Hips and Legs Short [without Hole]
42610,6,10257-1,Light Bluish Gray,6x Wheel 11 x 8 with Center Groove
4274,24,10257-1,Blue,24x Technic Pin 1/2
4282,2,10257-1,Black,2x Plate 2 x 16
4286,24,10257-1,Dark Blue,24x Slope 33° 3 x 1
4287,3,10257-1,Dark Bluish Gray,3x Slope Inverted 33° 3 x 1
4287,2,10257-1,White,2x Slope Inverted 33° 3 x 1
43093,10,10257-1,Blue,10x Technic Axle Pin with Friction Ridges Lengthwise
43722,2,10257-1,Lime,2x Wedge Plate 3 x 2 Right
43723,2,10257-1,Lime,2x Wedge Plate 3 x 2 Left
44294,1,10257-1,Light Bluish Gray,1x Technic Axle 7
44302a,1,10257-1,Black,"1x Hinge Plate 1 x 2 Locking with 2 Fingers On End, with Groove"
4445,2,10257-1,Light Bluish Gray,2x Slope 45° 2 x 8
44567a,6,10257-1,Yellow,"6x Hinge Plate 1 x 2 Locking with 1 Finger on Side, with Groove"
44728,4,10257-1,Light Bluish Gray,4x Bracket 1 x 2 - 2 x 2
44728,1,10257-1,White,1x Bracket 1 x 2 - 2 x 2
4495b,2,10257-1,Pearl Gold,2x Flag 4 x 1 Wave [First Wave Right]
4519,4,10257-1,Light Bluish Gray,4x Technic Axle 3
4733,1,10257-1,White,1x Brick Special 1 x 1 Studs on 4 Sides
4735,9,10257-1,Light Bluish Gray,9x Bar 1 x 3 [Clip / Anti-Stud]
47457,8,10257-1,Dark Bluish Gray,"8x Brick Curved 2 x 2 x 2/3 Two Studs, Curved Slope End"
47905,1,10257-1,White,1x Brick Special 1 x 1 with Studs on 2 Sides
48336,12,10257-1,Black,12x Plate Special 1 x 2 [Side Handle Closed Ends]
48336,1,10257-1,Green,1x Plate Special 1 x 2 [Side Handle Closed Ends]
4865b,1,10257-1,Trans-Clear,1x Panel 1 x 2 x 1 [Rounded Corners]
49668,1,10257-1,White,1x Plate Special 1 x 1 with Tooth
50304,4,10257-1,Tan,4x Wedge Plate 8 x 3 Right
50305,4,10257-1,Tan,4x Wedge Plate 8 x 3 Left
50950,2,10257-1,White,2x Slope Curved 3 x 1 No Studs
51739,1,10257-1,White,1x Wedge Plate 2 x 4
54200,1,10257-1,Bright Pink,1x Slope 30° 1 x 1 x 2/3 (Cheese Slope)
54200,3,10257-1,Orange,3x Slope 30° 1 x 1 x 2/3 (Cheese Slope)
54200,2,10257-1,Dark Bluish Gray,2x Slope 30° 1 x 1 x 2/3 (Cheese Slope)
55982,4,10257-1,Light Bluish Gray,"4x Wheel 18 x 14 with Axle Hole, Fake Bolts and Shallow Spokes"
59363,1,10257-1,Medium Dark Flesh,1x Minifig Hair Female Mid-Length with Braid around Sides
59426,2,10257-1,Dark Bluish Gray,2x Technic Axle 5.5 With Stop [Rounded Short End]
59443,7,10257-1,Light Bluish Gray,7x Technic Axle Connector Smooth [with x Hole + Orientation]
59443,7,10257-1,Yellow,7x Technic Axle Connector Smooth [with x Hole + Orientation]
59900,10,10257-1,Pearl Gold,10x Cone 1 x 1 [Top Groove]
59900,1,10257-1,Orange,1x Cone 1 x 1 [Top Groove]
59900,10,10257-1,White,10x Cone 1 x 1 [Top Groove]
6005,1,10257-1,Dark Bluish Gray,1x Brick Arch 1 x 3 x 2 Curved Top
6005,2,10257-1,Green,2x Brick Arch 1 x 3 x 2 Curved Top
60208,1,10257-1,Light Bluish Gray,1x Wheel 31 x 15 Technic
60470a,12,10257-1,Light Bluish Gray,12x Plate Special 1 x 2 with Clips Horizontal [Thick U-Clips]
60471,6,10257-1,White,6x Hinge Plate 1 x 2 Locking with 2 Fingers on Side
60475b,4,10257-1,Dark Bluish Gray,"4x Brick Special 1 x 1 with Clip Vertical [Open O Clip, Hollow Stud]"
60477,24,10257-1,Dark Blue,24x Slope 18° 4 x 1
60478,16,10257-1,White,16x Plate Special 1 x 2 with Handle on End [Closed Ends]
60897,2,10257-1,Bright Green,2x Plate Special 1 x 1 with Clip Vertical [Thick Open O Clip]
60897,2,10257-1,Black,2x Plate Special 1 x 1 with Clip Vertical [Thick Open O Clip]
60897,12,10257-1,Light Bluish Gray,12x Plate Special 1 x 1 with Clip Vertical [Thick Open O Clip]
6106,4,10257-1,Light Bluish Gray,4x Wedge Plate 6 x 6 Cut Corner
6106,4,10257-1,Tan,4x Wedge Plate 6 x 6 Cut Corner
61184,2,10257-1,Light Bluish Gray,2x Technic Pin 1/2 with 2L Bar Extension
61252,12,10257-1,Light Bluish Gray,12x Plate Special 1 x 1 with Clip Horizontal [Thick Open O Clip]
6134,16,10257-1,Blue,16x Hinge Brick 2 x 2 Top Plate Thin
6141,96,10257-1,Trans-Yellow,96x Plate Round 1 x 1 with Solid Stud
6141,12,10257-1,White,12x Plate Round 1 x 1 with Solid Stud
6141,1,10257-1,Pearl Gold,1x Plate Round 1 x 1 with Solid Stud
6141,24,10257-1,Light Bluish Gray,24x Plate Round 1 x 1 with Solid Stud
61485,1,10257-1,Light Bluish Gray,"1x Turntable 4 x 4 Square Base, Locking"
61678,2,10257-1,White,2x Slope Curved 4 x 1 No Studs [Stud Holder with Asymmetric Ridges]
6179,11,10257-1,Medium Blue,11x Tile Special 4 x 4 with Studs on Edge
6179,2,10257-1,Light Bluish Gray,2x Tile Special 4 x 4 with Studs on Edge
6179,4,10257-1,White,4x Tile Special 4 x 4 with Studs on Edge
62462,6,10257-1,Red,6x Technic Pin Connector Round [Slotted]
62462,1,10257-1,White,1x Technic Pin Connector Round [Slotted]
6249,4,10257-1,Dark Bluish Gray,4x Brick Special 2 x 4 with Pins
63864,5,10257-1,Green,5x Tile 1 x 3
63868,12,10257-1,White,12x Plate Special 1 x 2 with Clip Horizontal on End
64225,1,10257-1,Lime,1x Wedge 4 x 3 [No Studs]
64225,4,10257-1,White,4x Wedge 4 x 3 [No Studs]
64567,2,10257-1,Light Bluish Gray,2x Minifig Lightsaber Hilt with Bottom Ring
64647,24,10257-1,Pearl Gold,24x Minifig Feather / Plume Triple Point
64807,1,10257-1,White,"1x Minifig Hair Female Short with Braid around Sides, Hole On Top"
6541,4,10257-1,Dark Bluish Gray,4x Technic Brick 1 x 1 with Hole
6541,2,10257-1,Green,2x Technic Brick 1 x 1 with Hole
6558,2,10257-1,Blue,2x Technic Pin Long with Friction Ridges Lengthwise
6564,8,10257-1,Light Bluish Gray,8x Wedge 3 x 2 Right
6565,8,10257-1,Light Bluish Gray,8x Wedge 3 x 2 Left
6587,6,10257-1,Dark Tan,6x Technic Axle 3 with Stud
6628,2,10257-1,Black,2x Technic Pin with Friction Ridges Lengthwise and Towball
6632,7,10257-1,Blue,7x Technic Beam 1 x 3 Thin
6632,6,10257-1,Black,6x Technic Beam 1 x 3 Thin
6636,24,10257-1,Dark Blue,24x Tile 1 x 6 with Groove
6636,4,10257-1,Light Bluish Gray,4x Tile 1 x 6 with Groove
6636,4,10257-1,Dark Bluish Gray,4x Tile 1 x 6 with Groove
76244,1,10257-1,White,1x Technic Gear 24 Tooth Clutch with Dark Bluish Gray Center
85861,2,10257-1,Black,2x Plate Round 1 x 1 with Open Stud
85984,25,10257-1,White,25x Slope 30° 1 x 2 x 2/3
85984,2,10257-1,Dark Pink,2x Slope 30° 1 x 2 x 2/3
85984,2,10257-1,Dark Bluish Gray,2x Slope 30° 1 x 2 x 2/3
85984pr0143,1,10257-1,Dark Bluish Gray,1x Slope 30° 1 x 2 x 2/3 with 2 Gauges print
87079,16,10257-1,White,16x Tile 2 x 4 with Groove
87079,12,10257-1,Dark Tan,12x Tile 2 x 4 with Groove
87081,2,10257-1,Black,2x Brick Round 4 x 4 [Centre Hole]
87082,6,10257-1,Black,6x Technic Pin Connector Hub with 2 Pins with Friction Ridges Lengthwise
87083,5,10257-1,Dark Bluish Gray,5x Technic Axle 4 with Stop
87087,5,10257-1,Dark Bluish Gray,5x Brick Special 1 x 1 with Stud on 1 Side
87544,2,10257-1,Light Bluish Gray,2x Panel 1 x 2 x 3 [Side Supports / Hollow Studs]
87580,5,10257-1,Light Bluish Gray,5x Plate Special 2 x 2 with Groove and Center Stud (Jumper)
87609,2,10257-1,Blue,2x Plate Special 2 x 6 x 2/3 [Four Studs on Side]
87620,2,10257-1,White,2x Facet 2 x 2
87747,1,10257-1,Black,"1x Barb Large (Claw, Horn)"
87990,1,10257-1,Medium Dark Flesh,1x Minifig Hair Female Ponytail and Swept Sideways Fringe
87994,12,10257-1,Light Bluish Gray,12x Bar 3L
87994,2,10257-1,Pearl Gold,2x Bar 3L
88072,18,10257-1,Tan,18x Plate Special 1 x 2 with Arm Up [Horizontal Arm 5mm]
89201,4,10257-1,Black,"4x Tyre 24 x 14 Shallow Tread (Tread Small Hub), Band Around Center of Tread"
90396,1,10257-1,Black,1x Minifig Hair Female Mid-Length Wavy with Center Part
92280,2,10257-1,Black,2x Plate Special 1 x 2 [Top Clip]
92409,6,10257-1,Black,6x Tyre 17.5 x 6 with Shallow Staggered Treads and Middle Band
92582,1,10257-1,Black,1x Hinge Plate 2 x 2 Locking with 1 Finger on Top
92582,1,10257-1,White,1x Hinge Plate 2 x 2 Locking with 1 Finger on Top
92584,4,10257-1,Green,4x Wedge Plate 10 x 10 Cut Corner [No Centre Studs]
92950,1,10257-1,Dark Bluish Gray,1x Brick Arch 1 x 6 Raised Arch
93095,2,10257-1,Tan,2x Panel 1 x 2 x 1 with Rounded Corners and Central Divider
93273,3,10257-1,White,3x Slope Curved 4 x 1 Double No Studs
94925,2,10257-1,Light Bluish Gray,2x Technic Gear 16 Tooth Reinforced [New Style]
96874,1,10257-1,Orange,1x Brick and Axle Separator v2.0
970c00,1,10257-1,Dark Brown,1x Legs and Hips [Complete Assembly]
970c00,1,10257-1,Dark Tan,1x Legs and Hips [Complete Assembly]
970c00,1,10257-1,Dark Blue,1x Legs and Hips [Complete Assembly]
970c00,1,10257-1,Olive Green,1x Legs and Hips [Complete Assembly]
973pr1801c01,1,10257-1,Orange,1x Torso - Orange Jacket with Hood over Light Blue Sweater Print / Orange Arms / Yellow Hands
973pr1857c01,1,10257-1,Blue,1x Torso White Vertical Stripes and Red Bowtie Print / Blue Arms / Yellow Hands
973pr3045c01,1,10257-1,Dark Azure,1x MINI UPPER PART NO. 3045
973pr3424c01,1,10257-1,Medium Lavender,1x MINI UPPER PART NO. 3424
973pr3425c01,1,10257-1,Red,1x MINI UPPER PART NO.3425
973pr3433c01,1,10257-1,Bright Pink,1x MINI UPPER PART NO.3433
973pr3434c01,1,10257-1,Bright Light Blue,1x MINI UPPER PART NO.3434
98138,24,10257-1,Pearl Gold,24x Tile Round 1 x 1
98138,1,10257-1,Trans-Red,1x Tile Round 1 x 1
98138,1,10257-1,Trans-Green,1x Tile Round 1 x 1
98138pr0027,10,10257-1,White,10x Tile Round 1 x 1 with Black Eye with Pupil Partially Closed Print
98282,25,10257-1,Medium Blue,25x Mudguard 4 x 2 1/2 x 1 with Arch Round
99009,1,10257-1,Light Bluish Gray,1x Technic Turntable Small Top
99010,1,10257-1,Black,1x Technic Turntable Small Base (28 Teeth)
99206,14,10257-1,White,14x Plate Special 2 x 2 x 0.667 with Two Studs On Side and Two Raised
99206,1,10257-1,Light Bluish Gray,1x Plate Special 2 x 2 x 0.667 with Two Studs On Side and Two Raised
99207,2,10257-1,Black,2x Bracket 1 x 2 - 2 x 2 Inverted
99207,26,10257-1,Light Bluish Gray,26x Bracket 1 x 2 - 2 x 2 Inverted
99773,1,10257-1,Black,1x Technic Beam Triangle Thin [Type II]
99780,1,10257-1,White,1x Bracket 1 x 2 - 1 x 2 Inverted
99780,54,10257-1,Light Bluish Gray,54x Bracket 1 x 2 - 1 x 2 Inverted
99780,1,10257-1,Black,1x Bracket 1 x 2 - 1 x 2 Inverted
99784,4,10257-1,Light Bluish Gray,4x Bar 1 x 12 with 1 x 2 Plate End with Hollow Studs and 1 x 1 Round Plate End
99930,1,10257-1,Dark Brown,1x Minifig Hair Smooth Combed Sideways
